,0,1,2,3,4,5,6,7,8,9,10,11,12,13,14,15,16,17,18,19,20,21,22,23,24,25,26,27,28,29,30,31,32,33,34,35,36,37,38,39,40,41,42,43,44,45,46,47,48,49,50,51,52,53,54,55,56,57,58,59,60,61,62,63,64,65,66,67,68,69,70,71,72,73,74,75,76,77,78,79,80,81,82,83,84,85,86,87,88,89,90,91,92,93,94,95,96,97,98,99,100,101,102,103,104,105,106,107,108,109,110,111,112
0,0.0,0.0,0.0,0.0,0.0,0.0,0.0,0.0,0.0,0.0,0.0,0.0,0.0,0.0,0.0,0.0,0.0,0.0,0.0,0.0,0.0,0.1916105289772256,0.0,0.0,0.0,0.0,0.22781133066103718,0.20520999966016074,0.0,0.0,0.0,0.0,0.25015257328891766,0.0,0.26414248880425056,0.0,0.0,0.0,0.0,0.0,0.0,0.0,0.0,0.0,0.0,0.238217937549188,0.0,0.0,0.0,0.0,0.0,0.0,0.0,0.0,0.0,0.0,0.0,0.25015257328891766,0.0,0.18954946720712423,0.0,0.0,0.0,0.26939641436913625,0.0,0.0,0.0,0.2345992266202948,0.3243161456332601,0.0,0.0,0.0,0.0,0.4004168784917822,0.0,0.0,0.0,0.0,0.0,0.0,0.0,0.0,0.0,0.238217937549188,0.0,0.0,0.0,0.0,0.0,0.0,0.0,0.0,0.0,0.0,0.0,0.0,0.1764210157253971,0.20520999966016074,0.24200501997864207,0.0,0.0,0.0,0.0,0.0,0.0,0.0,0.0,0.0,0.0,0.0,0.0,0.0,0.0
1,0.0,0.0,0.0,0.0,0.26182008917910465,0.0,0.0,0.0,0.0,0.25692817702785914,0.0,0.0,0.0,0.0,0.0,0.0,0.0,0.0,0.23987725791269765,0.0,0.0,0.0,0.0,0.0,0.0,0.0,0.0,0.0,0.0,0.0,0.0,0.0,0.0,0.0,0.0,0.23987725791269765,0.0,0.0,0.0,0.0,0.0,0.0,0.0,0.0,0.0,0.0,0.20099685715175664,0.0,0.0,0.0,0.0,0.0,0.0,0.0,0.0,0.0,0.0,0.0,0.0,0.0,0.2138320796930077,0.0,0.0,0.0,0.0,0.0,0.0,0.0,0.0,0.0,0.0,0.0,0.0,0.0,0.0,0.0,0.0,0.0,0.0,0.24795317611860476,0.1698770427985035,0.0,0.0,0.0,0.0,0.0,0.0,0.0,0.0,0.0,0.0,0.0,0.0,0.0,0.24795317611860476,0.0,0.0,0.0,0.0,0.26182008917910465,0.2438142259268553,0.0,0.23253657793992194,0.0,0.35567686567906026,0.0,0.39276927938477,0.22264357124982814,0.0,0.0,0.0,0.0,0.0
2,0.0,0.0,0.0,0.0,0.29544539597076785,0.30132195193851646,0.0,0.0,0.29544539597076785,0.0,0.0,0.0,0.29544539597076785,0.0,0.0,0.0,0.0,0.0,0.0,0.0,0.0,0.0,0.24780102873622198,0.0,0.0,0.0,0.0,0.0,0.0,0.0,0.0,0.0,0.0,0.0,0.0,0.0,0.0,0.0,0.0,0.0,0.0,0.0,0.0,0.0,0.0,0.0,0.0,0.0,0.0,0.0,0.0,0.0,0.0,0.0,0.0,0.0,0.0,0.0,0.26240103103834145,0.0,0.0,0.27979756836175274,0.0,0.0,0.0,0.0,0.0,0.0,0.0,0.0,0.0,0.0,0.0,0.0,0.0,0.0,0.0,0.0,0.31435200130847185,0.0,0.0,0.0,0.0,0.0,0.0,0.0,0.0,0.0,0.0,0.0,0.0,0.0,0.0,0.0,0.0,0.31435200130847185,0.0,0.0,0.2706844676075186,0.0,0.0,0.0,0.0,0.2706844676075186,0.0,0.0,0.0,0.0,0.0,0.0,0.0,0.30760409884120915,0.0
3,0.0,0.0,0.0,0.0,0.0,0.0,0.0,0.0,0.0,0.0,0.0,0.0,0.0,0.0,0.36343872088919527,0.0,0.0,0.0,0.0,0.0,0.0,0.0,0.0,0.28937308578487136,0.3392225515636369,0.0,0.0,0.2531221082483997,0.0,0.0,0.35470151626321733,0.0,0.30855780341851374,0.0,0.0,0.0,0.0,0.0,0.0,0.0,0.0,0.0,0.0,0.0,0.0,0.0,0.0,0.0,0.0,0.0,0.0,0.0,0.0,0.0,0.0,0.0,0.0,0.0,0.0,0.0,0.0,0.30855780341851374,0.0,0.3322946663057454,0.0,0.0,0.0,0.0,0.0,0.0,0.0,0.0,0.0,0.0,0.0,0.0,0.0,0.0,0.0,0.0,0.21139832930418376,0.0,0.0,0.29383668766090015,0.0,0.0,0.0,0.0,0.0,0.0,0.0,0.0,0.0,0.0,0.0,0.0,0.2176115175366187,0.0,0.0,0.0,0.0,0.0,0.0,0.0,0.0,0.0,0.0,0.0,0.0,0.0,0.0,0.0,0.0
4,0.0,0.0,0.0,0.0,0.0,0.0,0.0,0.26460524965772675,0.0,0.0,0.0,0.2139307829030592,0.0,0.0,0.0,0.2173317589898589,0.2173317589898589,0.0,0.0,0.0,0.0,0.0,0.0,0.0,0.0,0.0,0.0,0.0,0.2139307829030592,0.0,0.0,0.0,0.0,0.0,0.0,0.0,0.0,0.0,0.0,0.0,0.0,0.0,0.25824403914688415,0.0,0.0,0.0,0.0,0.0,0.0,0.0,0.0,0.0,0.0,0.0,0.0,0.0,0.2792758431060303,0.0,0.0,0.0,0.38746901154801866,0.0,0.0,0.0,0.0,0.0,0.0,0.0,0.0,0.0,0.0,0.0,0.0,0.0,0.0,0.0,0.0,0.0,0.0,0.2246486406501737,0.0,0.2792758431060303,0.0,0.0,0.0,0.0,0.0,0.0,0.0,0.0,0.0,0.0,0.0,0.0,0.2246486406501737,0.0,0.0,0.0,0.0,0.0,0.0,0.0,0.21068101225151822,0.0,0.0,0.0,0.35585381919339043,0.20171782597714855,0.0,0.0,0.24193050460512106,0.0,0.0
5,0.0,0.0,0.0,0.0,0.0,0.0,0.0,0.0,0.0,0.0,0.0,0.0,0.0,0.0,0.3021612873421965,0.0,0.0,0.0,0.0,0.0,0.0,0.0,0.22719738589368094,0.0,0.0,0.28202807511867506,0.0,0.0,0.0,0.0,0.2948972154483198,0.0,0.0,0.0,0.0,0.0,0.0,0.3287471302256393,0.35276402697143183,0.0,0.0,0.0,0.0,0.0,0.0,0.0,0.0,0.0,0.0,0.0,0.0,0.0,0.0,0.0,0.0,0.0,0.0,0.0,0.0,0.19438455478857364,0.0,0.0,0.2303481055495549,0.0,0.0,0.0,0.0,0.0,0.0,0.0,0.0,0.0,0.0,0.0,0.0,0.0,0.0,0.0,0.0,0.0,0.0,0.0,0.0,0.0,0.28821491707266694,0.0,0.0,0.0,0.3021612873421965,0.0,0.0,0.0,0.0,0.0,0.0,0.0,0.0,0.21044456104176504,0.24817816034135562,0.0,0.0,0.2948972154483198,0.0,0.0,0.0,0.0,0.0,0.0,0.0,0.0,0.0,0.0,0.0
6,0.0,0.0,0.2836934062856789,0.0,0.0,0.0,0.0,0.0,0.0,0.0,0.0,0.0,0.0,0.0,0.0,0.0,0.0,0.0,0.0,0.0,0.0,0.0,0.0,0.0,0.0,0.0,0.0,0.0,0.0,0.2580483340047151,0.0,0.0,0.0,0.0,0.0,0.24964361311662356,0.0,0.0,0.0,0.0,0.0,0.26738874282132197,0.0,0.0,0.0,0.0,0.0,0.0,0.0,0.2836934062856789,0.2778995834454575,0.0,0.0,0.0,0.0,0.0,0.0,0.0,0.0,0.0,0.0,0.0,0.0,0.0,0.0,0.0,0.0,0.2420040649281766,0.0,0.0,0.0,0.0,0.0,0.0,0.0,0.0,0.0,0.0,0.0,0.2580483340047151,0.0,0.0,0.0,0.0,0.0,0.0,0.0,0.0,0.0,0.0,0.0,0.0,0.0,0.2625887436840292,0.2580483340047151,0.0,0.0,0.0,0.0,0.0,0.0,0.0,0.0,0.0,0.0,0.2836934062856789,0.0,0.0,0.26738874282132197,0.26738874282132197,0.0,0.0,0.2778995834454575
7,0.0,0.0,0.0,0.0,0.0,0.2615948539480679,0.2792343686210718,0.0,0.0,0.0,0.0,0.0,0.0,0.18811496584613557,0.0,0.0,0.0,0.2729069865024365,0.0,0.0,0.0,0.0,0.0,0.0,0.0,0.0,0.0,0.19926723974962063,0.0,0.0,0.0,0.0,0.0,0.0,0.0,0.0,0.2564930789522172,0.0,0.0,0.23499669809734855,0.0,0.0,0.0,0.25170069799485534,0.0,0.0,0.19690736074612675,0.0,0.0,0.0,0.0,0.0,0.2615948539480679,0.0,0.0,0.0,0.0,0.0,0.22780537212338128,0.0,0.0,0.0,0.21811364925370794,0.0,0.0,0.23499669809734855,0.0,0.0,0.0,0.0,0.0,0.0,0.0,0.0,0.0,0.0,0.0,0.0,0.2729069865024365,0.0,0.0,0.0,0.0,0.0,0.0,0.0,0.0,0.0,0.0,0.0,0.0,0.24290830309486414,0.0,0.0,0.0,0.0,0.17131196771913074,0.19926723974962063,0.0,0.0,0.0,0.0,0.0,0.23499669809734855,0.0,0.0,0.0,0.0,0.0,0.0,0.0,0.0,0.0
8,0.0,0.0,0.2407695590473053,0.0,0.0,0.0,0.0,0.0,0.0,0.0,0.2460513140943203,0.0,0.0,0.0,0.0,0.0,0.0,0.0,0.0,0.0,0.0,0.0,0.0,0.0,0.0,0.0,0.0,0.0,0.0,0.219004679751499,0.0,0.0,0.0,0.0,0.0,0.0,0.2312526327783398,0.0,0.0,0.21187162379282892,0.0,0.0,0.0,0.22693185064186286,0.2460513140943203,0.0,0.0,0.0,0.0,0.2407695590473053,0.23585236273773166,0.2722594554979283,0.23585236273773166,0.0,0.0,0.0,0.0,0.0,0.2053879671131218,0.0,0.0,0.0,0.0,0.0,0.0,0.0,0.0,0.0,0.0,0.0,0.0,0.0,0.0,0.0,0.2722594554979283,0.0,0.0,0.0,0.0,0.0,0.0,0.0,0.0,0.0,0.0,0.0,0.0,0.0,0.0,0.0,0.0,0.0,0.0,0.0,0.0,0.0,0.0,0.0,0.0,0.2312526327783398,0.0,0.0,0.0,0.21187162379282892,0.0,0.2407695590473053,0.0,0.0,0.0,0.22693185064186286,0.0,0.0,0.23585236273773166
9,0.0,0.0,0.0,0.0,0.0,0.0,0.0,0.0,0.2762239688052226,0.2710629309578206,0.0,0.0,0.0,0.2025858267597099,0.0,0.25307396546424904,0.25307396546424904,0.0,0.25307396546424904,0.0,0.0,0.0,0.0,0.24532944226067607,0.0,0.0,0.0,0.0,0.24911366758263276,0.0,0.0,0.0,0.0,0.0,0.0,0.0,0.0,0.0,0.0,0.0,0.0,0.0,0.30071464634607925,0.0,0.0,0.0,0.0,0.0,0.0,0.0,0.0,0.0,0.0,0.0,0.0,0.0,0.0,0.0,0.0,0.0,0.0,0.26159417560387666,0.0,0.0,0.0,0.0,0.0,0.0,0.0,0.0,0.0,0.0,0.0,0.0,0.0,0.0,0.0,0.0,0.0,0.0,0.17922272930935285,0.0,0.0,0.0,0.0,0.0,0.0,0.0,0.0,0.0,0.0,0.0,0.0,0.0,0.0,0.0,0.0,0.0,0.0,0.0,0.2572275234793711,0.0,0.24532944226067607,0.0,0.0,0.0,0.20718862619860234,0.2348921775728432,0.0,0.0,0.28171820102022777,0.0,0.0
10,0.0,0.0,0.0,0.0,0.0,0.24985468300364838,0.0,0.0,0.0,0.0,0.0,0.0,0.24498187165011437,0.0,0.2732721154045537,0.0,0.0,0.0,0.0,0.0,0.0,0.0,0.20547539628145,0.0,0.0,0.0,0.0,0.0,0.0,0.0,0.26670255015563965,0.0,0.0,0.0,0.0,0.0,0.24498187165011437,0.2973161270927345,0.3190368055982597,0.0,0.0,0.0,0.0,0.24040456897438178,0.0,0.0,0.0,0.0,0.0,0.0,0.0,0.0,0.24985468300364838,0.24985468300364838,0.0,0.0,0.0,0.0,0.0,0.0,0.0,0.0,0.0,0.0,0.0,0.0,0.0,0.0,0.0,0.0,0.0,0.0,0.0,0.0,0.0,0.0,0.0,0.0,0.26065913596138174,0.0,0.0,0.0,0.0,0.0,0.0,0.0,0.0,0.0,0.0,0.0,0.0,0.0,0.0,0.23608897321854483,0.0,0.26065913596138174,0.0,0.0,0.0,0.0,0.0,0.0,0.0,0.0,0.0,0.0,0.0,0.0,0.0,0.0,0.0,0.2550638083689152,0.0
11,0.0,0.0,0.0,0.0,0.0,0.2736783129214533,0.0,0.0,0.0,0.0,0.0,0.0,0.0,0.0,0.0,0.0,0.0,0.0,0.0,0.2541286022347094,0.0,0.0,0.22506746371591185,0.0,0.2793841280961953,0.0,0.0,0.0,0.0,0.2541286022347094,0.0,0.0,0.0,0.0,0.0,0.0,0.2683408792804748,0.0,0.0,0.0,0.24585154832656622,0.0,0.0,0.2633271310530419,0.0,0.0,0.0,0.24200427243533143,0.0,0.0,0.0,0.0,0.2736783129214533,0.0,0.0,0.0,0.0,0.0,0.0,0.0,0.0,0.0,0.0,0.2736783129214533,0.0,0.0,0.0,0.0,0.0,0.0,0.0,0.0,0.0,0.0,0.0,0.0,0.0,0.0,0.0,0.2541286022347094,0.0,0.0,0.0,0.24200427243533143,0.0,0.0,0.0,0.0,0.0,0.0,0.0,0.0,0.0,0.0,0.2541286022347094,0.0,0.0,0.0,0.0,0.0,0.0,0.0,0.0,0.0,0.0,0.0,0.0,0.0,0.0,0.2633271310530419,0.0,0.0,0.0
12,0.0,0.0,0.0,0.0,0.0,0.0,0.0,0.0,0.0,0.0,0.0,0.0,0.0,0.0,0.0,0.0,0.0,0.0,0.0,0.0,0.0,0.0,0.0,0.0,0.0,0.0,0.26202500785961663,0.0,0.0,0.0,0.0,0.0,0.0,0.0,0.0,0.0,0.0,0.0,0.0,0.2783503659715714,0.0,0.0,0.0,0.0,0.0,0.2739945233518767,0.23323406826540014,0.0,0.0,0.0,0.3098555167892635,0.0,0.0,0.0,0.0,0.0,0.0,0.0,0.26983233898276054,0.0,0.0,0.0,0.0,0.0,0.0,0.0,0.0,0.0,0.0,0.0,0.0,0.0,0.0,0.0,0.0,0.0,0.0,0.0,0.0,0.0,0.0,0.0,0.0,0.0,0.0,0.0,0.0,0.0,0.0,0.0,0.0,0.0,0.0,0.0,0.0,0.32325458265666157,0.0,0.0,0.2783503659715714,0.0,0.0,0.0,0.0,0.2783503659715714,0.0,0.316315576743598,0.0,0.0,0.0,0.0,0.0,0.316315576743598,0.3098555167892635
13,0.0,0.0,0.0,0.0,0.0,0.0,0.0,0.0,0.0,0.29412254779391434,0.0,0.0,0.0,0.0,0.0,0.0,0.2746032415411188,0.0,0.2746032415411188,0.0,0.0,0.21742058233006192,0.0,0.0,0.0,0.0,0.0,0.0,0.27030603683353344,0.0,0.0,0.0,0.0,0.0,0.0,0.0,0.0,0.0,0.0,0.0,0.0,0.0,0.0,0.0,0.0,0.0,0.23009429486449,0.0,0.0,0.0,0.0,0.0,0.0,0.0,0.0,0.0,0.0,0.0,0.0,0.21508189430145713,0.0,0.0,0.25487470928046463,0.0,0.0,0.2746032415411188,0.0,0.0,0.18400086263267296,0.0,0.0,0.0,0.2128009575988835,0.0,0.0,0.0,0.0,0.0,0.0,0.0,0.0,0.0,0.0,0.0,0.0,0.0,0.0,0.0,0.0,0.0,0.0,0.28384827517648803,0.0,0.0,0.0,0.0,0.20018503251893813,0.2328519098831308,0.0,0.0,0.2791101472308814,0.0,0.2661998833687746,0.0,0.0,0.0,0.0,0.0,0.0,0.0,0.0,0.0,0.0
14,0.0,0.26385066000165774,0.0,0.0,0.0,0.0,0.2872442903987336,0.0,0.0,0.0,0.0,0.0,0.0,0.1935111001725652,0.0,0.0,0.0,0.28073540542256,0.0,0.0,0.2747091191987928,0.191398834631917,0.0,0.0,0.0,0.0,0.0,0.20498328040438332,0.0,0.0,0.0,0.28073540542256,0.0,0.0,0.0,0.0,0.0,0.0,0.0,0.0,0.0,0.0,0.0,0.0,0.0,0.0,0.20255570756249816,0.0,0.0,0.0,0.0,0.0,0.0,0.0,0.0,0.0,0.0,0.0,0.0,0.18934004995548262,0.0,0.0,0.22437030482870055,0.0,0.0,0.24173764900200925,0.0,0.0,0.16197891801107392,0.0,0.0,0.25427282020195013,0.0,0.0,0.0,0.0,0.29431985119502624,0.0,0.0,0.0,0.0,0.0,0.0,0.0,0.0,0.0,0.0,0.0,0.0,0.0,0.0,0.24987620076642464,0.0,0.0,0.0,0.0,0.1762261029947553,0.20498328040438332,0.0,0.0,0.0,0.0,0.0,0.0,0.0,0.0,0.0,0.0,0.0,0.0,0.0,0.0,0.0
15,0.0,0.0,0.0,0.0,0.0,0.0,0.0,0.0,0.27203235581996177,0.0,0.0,0.24533344500324603,0.0,0.19951164972232693,0.0,0.2492336465938059,0.0,0.0,0.0,0.0,0.0,0.0,0.0,0.2416066441259068,0.0,0.0,0.0,0.0,0.0,0.0,0.0,0.0,0.0,0.0,0.0,0.0,0.0,0.0,0.0,0.0,0.0,0.0,0.0,0.0,0.0,0.0,0.0,0.0,0.2416066441259068,0.0,0.2774432147665425,0.0,0.0,0.0,0.0,0.0,0.0,0.0,0.2416066441259068,0.0,0.0,0.2576245651892823,0.0,0.0,0.0,0.0,0.0,0.0,0.0,0.0,0.0,0.0,0.0,0.0,0.0,0.0,0.0,0.2492336465938059,0.0,0.0,0.0,0.0,0.0,0.0,0.0,0.0,0.0,0.0,0.0,0.0,0.0,0.0,0.0,0.0,0.0,0.28944067715688576,0.0,0.0,0.0,0.0,0.0,0.0,0.0,0.2492336465938059,0.0,0.2832275229495532,0.0,0.0,0.0,0.0,0.0,0.2832275229495532,0.2774432147665425
16,0.0,0.0,0.0,0.0,0.22954467517247332,0.0,0.0,0.0,0.0,0.0,0.0,0.0,0.0,0.0,0.0,0.0,0.0,0.0,0.0,0.2173871815893896,0.0,0.0,0.0,0.0,0.0,0.0,0.0,0.0,0.0,0.0,0.0,0.0,0.0,0.0,0.0,0.4206136161779921,0.0,0.0,0.0,0.21030680808899604,0.21030680808899604,0.0,0.0,0.0,0.0,0.0,0.17621932079484665,0.20701576388760426,0.0,0.0,0.0,0.0,0.0,0.0,0.0,0.0,0.0,0.0,0.20387103761325073,0.0,0.0,0.0,0.0,0.0,0.0,0.21030680808899604,0.0,0.0,0.0,0.0,0.0,0.0,0.0,0.0,0.0,0.0,0.0,0.0,0.0,0.4347743631787792,0.0,0.0,0.0,0.0,0.0,0.0,0.0,0.0,0.0,0.0,0.0,0.0,0.0,0.0,0.4347743631787792,0.0,0.0,0.0,0.0,0.22954467517247332,0.0,0.0,0.0,0.21030680808899604,0.0,0.0,0.0,0.0,0.0,0.0,0.0,0.0,0.0
17,0.0,0.0,0.0,0.0,0.0,0.2698971813027681,0.0,0.0,0.0,0.0,0.0,0.0,0.0,0.0,0.2951930809928298,0.0,0.0,0.0,0.0,0.0,0.0,0.0,0.2219579381772998,0.0,0.0,0.0,0.0,0.0,0.0,0.0,0.28809652742116576,0.0,0.0,0.0,0.0,0.0,0.2646334894898764,0.0,0.0,0.0,0.0,0.2596890110622625,0.0,0.2596890110622625,0.0,0.0,0.0,0.0,0.0,0.0,0.0,0.0,0.2698971813027681,0.2698971813027681,0.0,0.0,0.0,0.0,0.0,0.0,0.0,0.0,0.0,0.0,0.0,0.0,0.0,0.23503531087784574,0.0,0.0,0.0,0.0,0.0,0.0,0.0,0.0,0.0,0.0,0.2815683309636612,0.0,0.0,0.0,0.0,0.0,0.0,0.0,0.0,0.0,0.0,0.0,0.0,0.0,0.0,0.0,0.0,0.2815683309636612,0.0,0.0,0.0,0.0,0.0,0.0,0.0,0.0,0.0,0.0,0.0,0.0,0.2596890110622625,0.0,0.0,0.27552416510085737,0.0
18,0.0,0.0,0.0,0.0,0.0,0.0,0.0,0.0,0.0,0.28525802704334846,0.0,0.0,0.0,0.0,0.0,0.0,0.0,0.0,0.266327010592244,0.0,0.0,0.0,0.24381194749856286,0.0,0.3026523125408356,0.0,0.25070682698792707,0.0,0.0,0.2752934093758649,0.0,0.0,0.2752934093758649,0.0,0.0,0.0,0.0,0.0,0.0,0.0,0.0,0.0,0.0,0.0,0.0,0.26215931877166965,0.0,0.0,0.0,0.0,0.0,0.0,0.0,0.0,0.0,0.0,0.0,0.0,0.0,0.0,0.0,0.0,0.0,0.2964712951389749,0.0,0.0,0.0,0.0,0.0,0.0,0.0,0.0,0.0,0.0,0.0,0.0,0.0,0.0,0.0,0.0,0.18860831314505885,0.0,0.0,0.26215931877166965,0.0,0.0,0.0,0.0,0.0,0.0,0.0,0.0,0.0,0.0,0.0,0.0,0.0,0.0,0.0,0.0,0.2706980832446982,0.0,0.2581769201256637,0.0,0.0,0.0,0.0,0.0,0.0,0.28525802704334846,0.0,0.0,0.0
19,0.0,0.0,0.0,0.0,0.29692140236446685,0.0,0.0,0.0,0.0,0.0,0.0,0.0,0.0,0.21776556191281796,0.0,0.0,0.0,0.31592246261919504,0.0,0.0,0.30914084851749307,0.2153885474058561,0.0,0.0,0.0,0.0,0.0,0.0,0.0,0.0,0.0,0.31592246261919504,0.0,0.0,0.0,0.0,0.0,0.0,0.0,0.27203677165527984,0.0,0.0,0.0,0.0,0.0,0.0,0.0,0.0,0.0,0.0,0.0,0.0,0.0,0.0,0.0,0.0,0.0,0.0,0.26371195212497134,0.21307171699394986,0.0,0.0,0.2524926242680693,0.0,0.0,0.0,0.0,0.0,0.1822811718152416,0.0,0.0,0.0,0.0,0.0,0.0,0.0,0.3312095674120327,0.0,0.0,0.0,0.0,0.0,0.0,0.0,0.0,0.0,0.0,0.0,0.0,0.0,0.0,0.0,0.0,0.0,0.0,0.0,0.0,0.23067565219869388,0.0,0.0,0.0,0.0,0.0,0.27203677165527984,0.0,0.0,0.0,0.0,0.0,0.0,0.0,0.0,0.0
20,0.0,0.0,0.0,0.0,0.0,0.0,0.0,0.0,0.32805333889329885,0.0,0.0,0.2958561878895605,0.32805333889329885,0.2405980812180905,0.0,0.30055957749291673,0.0,0.0,0.0,0.0,0.0,0.0,0.2751505217774832,0.29136190827522385,0.3415539827606836,0.0,0.0,0.0,0.0,0.0,0.0,0.0,0.0,0.0,0.0,0.0,0.0,0.0,0.0,0.0,0.0,0.0,0.0,0.0,0.0,0.0,0.0,0.0,0.29136190827522385,0.0,0.0,0.0,0.0,0.0,0.0,0.0,0.0,0.0,0.0,0.0,0.0,0.3106784799055756,0.0,0.0,0.0,0.0,0.0,0.0,0.0,0.0,0.0,0.0,0.0,0.0,0.0,0.0,0.0,0.30055957749291673,0.0,0.0,0.0,0.0,0.0,0.0,0.0,0.0,0.0,0.0,0.0,0.0,0.0,0.0,0.0,0.0,0.0,0.0,0.0,0.0,0.0,0.0,0.0,0.0,0.0,0.0,0.0,0.0,0.0,0.0,0.0,0.0,0.0,0.0,0.0
21,0.0,0.0,0.0,0.0,0.0,0.0,0.31064644293556265,0.0,0.0,0.0,0.0,0.0,0.0,0.0,0.0,0.0,0.0,0.0,0.0,0.0,0.0,0.0,0.0,0.0,0.0,0.0,0.2460992104120032,0.0,0.0,0.2702339281821441,0.0,0.0,0.2702339281821441,0.0,0.0,0.0,0.0,0.0,0.0,0.0,0.0,0.2800154110778743,0.0,0.0,0.0,0.2573412225226855,0.21905817505803243,0.0,0.0,0.0,0.0,0.0,0.0,0.0,0.0,0.0,0.0,0.0,0.0,0.0,0.0,0.0,0.0,0.0,0.0,0.2614323183999162,0.0,0.2534320144085598,0.0,0.0,0.0,0.0,0.0,0.0,0.0,0.0,0.0,0.0,0.0,0.0,0.0,0.0,0.0,0.2573412225226855,0.0,0.0,0.0,0.0,0.0,0.0,0.0,0.2702339281821441,0.0,0.27498874571634624,0.0,0.0,0.0,0.0,0.0,0.0,0.0,0.0,0.0,0.0,0.0,0.0,0.0,0.0,0.2800154110778743,0.2800154110778743,0.0,0.0,0.0
22,0.0,0.0,0.0,0.0,0.0,0.0,0.0,0.0,0.0,0.25767229791636503,0.0,0.0,0.0,0.0,0.0,0.0,0.24057199556411143,0.0,0.24057199556411143,0.0,0.0,0.0,0.0,0.0,0.0,0.27338447808253336,0.0,0.0,0.2368073382132021,0.0,0.0,0.0,0.0,0.0,0.26257837812834484,0.0,0.0,0.0,0.0,0.0,0.0,0.0,0.0,0.0,0.0,0.0,0.0,0.0,0.0,0.0,0.0,0.0,0.0,0.0,0.2445203659093431,0.0,0.0,0.24867130341727484,0.0,0.0,0.0,0.0,0.0,0.0,0.0,0.0,0.0,0.0,0.16119785935750439,0.0,0.0,0.0,0.0,0.0,0.0,0.0,0.0,0.0,0.0,0.0,0.17036904432782687,0.0,0.0,0.0,0.27938170569137855,0.2858592049724374,0.0,0.0,0.2929006475757166,0.0,0.0,0.0,0.0,0.0,0.0,0.0,0.0,0.0,0.0,0.0,0.2445203659093431,0.2858592049724374,0.2332100553567956,0.0,0.0,0.0,0.0,0.0,0.0,0.0,0.0,0.0,0.0
23,0.0,0.2752230865310456,0.2865495643772187,0.0,0.0,0.0,0.29962502345630954,0.3070055533412129,0.0,0.0,0.0,0.0,0.0,0.0,0.0,0.0,0.0,0.0,0.2521569659468485,0.0,0.0,0.0,0.0,0.0,0.0,0.0,0.0,0.0,0.0,0.26064630357625224,0.0,0.0,0.0,0.0,0.0,0.0,0.0,0.0,0.0,0.0,0.0,0.0,0.0,0.0,0.0,0.0,0.21128621406321416,0.0,0.0,0.2865495643772187,0.0,0.0,0.0,0.0,0.0,0.0,0.0,0.0,0.0,0.0,0.22477849257855542,0.0,0.0,0.0,0.0,0.2521569659468485,0.0,0.0,0.0,0.0,0.0,0.26523242502593936,0.0,0.0,0.0,0.0,0.0,0.0,0.0,0.0,0.17857332566175757,0.0,0.0,0.0,0.0,0.0,0.0,0.0,0.0,0.0,0.0,0.26064630357625224,0.0,0.0,0.0,0.0,0.0,0.0,0.0,0.0,0.0,0.0,0.0,0.0,0.0,0.0,0.20643788967030527,0.0,0.0,0.2700807494188483,0.0,0.0,0.0
24,0.0,0.0,0.0,0.0,0.0,0.0,0.3392517763907193,0.0,0.3116225738836156,0.0,0.0,0.0,0.3116225738836156,0.22854756971404225,0.0,0.0,0.0,0.0,0.0,0.0,0.0,0.0,0.2613694287976979,0.2767688574506438,0.0,0.0,0.0,0.0,0.0,0.2951179460176567,0.0,0.0,0.0,0.0,0.0,0.0,0.0,0.0,0.0,0.0,0.0,0.0,0.0,0.0,0.0,0.0,0.23922976332538276,0.0,0.0,0.0,0.0,0.0,0.0,0.0,0.0,0.0,0.0,0.0,0.0,0.0,0.0,0.2951179460176567,0.0,0.0,0.0,0.2855058554187693,0.0,0.0,0.0,0.0,0.0,0.0,0.0,0.0,0.0,0.0,0.0,0.0,0.0,0.0,0.0,0.0,0.0,0.0,0.0,0.0,0.0,0.0,0.0,0.0,0.0,0.2951179460176567,0.0,0.0,0.0,0.0,0.0,0.0,0.0,0.0,0.0,0.0,0.0,0.0,0.0,0.0,0.0,0.0,0.0,0.3058001396289972,0.0,0.0,0.0
25,0.0,0.0,0.0,0.0,0.0,0.0,0.0,0.264243732388173,0.0,0.0,0.0,0.0,0.0,0.0,0.0,0.0,0.0,0.0,0.0,0.0,0.0,0.0,0.0,0.0,0.0,0.0,0.0,0.0,0.0,0.0,0.0,0.0,0.0,0.0,0.0,0.0,0.0,0.0,0.0,0.0,0.0,0.23246206622624932,0.25789121288953787,0.0,0.0,0.0,0.0,0.0,0.0,0.0,0.2415999667357487,0.0,0.0,0.0,0.0,0.0,0.2788942821189274,0.0,0.21039316904207883,0.0,0.19346981575128167,0.0,0.0,0.0,0.0,0.0,0.0,0.21039316904207883,0.0,0.0,0.0,0.0,0.0,0.0,0.0,0.0,0.0,0.0,0.0,0.0,0.0,0.2788942821189274,0.0,0.0,0.0,0.0,0.0,0.0,0.0,0.0,0.0,0.22434171415010665,0.0,0.22828904942095726,0.0,0.2520474614306879,0.0,0.0,0.0,0.0,0.0,0.0,0.0,0.0,0.0,0.24663699265754194,0.17768381672298714,0.2014422287327178,0.23246206622624932,0.0,0.2415999667357487,0.0,0.2415999667357487
26,0.0,0.0,0.0,0.0,0.0,0.0,0.0,0.0,0.0,0.0,0.28350042691838295,0.0,0.0,0.0,0.0,0.0,0.24411857347013677,0.0,0.0,0.0,0.0,0.19328396162983216,0.0,0.0,0.0,0.0,0.0,0.0,0.24029841651482345,0.0,0.0,0.0,0.0,0.0,0.0,0.24411857347013677,0.0,0.0,0.0,0.0,0.0,0.0,0.0,0.0,0.28350042691838295,0.0,0.0,0.0,0.0,0.0,0.0,0.31369745839537005,0.0,0.0,0.0,0.0,0.0,0.0,0.0,0.19120489955419676,0.21761288548582522,0.0,0.22658017470578967,0.0,0.0,0.0,0.0,0.0,0.16357428212090766,0.0,0.0,0.0,0.0,0.0,0.31369745839537005,0.0,0.0,0.0,0.0,0.2523372835264484,0.0,0.0,0.0,0.0,0.0,0.0,0.0,0.0,0.0,0.0,0.0,0.0,0.0,0.0,0.2523372835264484,0.0,0.0,0.207002203438866,0.0,0.0,0.0,0.0,0.23664810153441454,0.0,0.0,0.0,0.1998569539701834,0.0,0.0,0.0,0.0,0.0,0.0
27,0.0,0.0,0.0,0.0,0.0,0.0,0.0,0.0,0.0,0.266974628686031,0.0,0.0,0.0,0.0,0.0,0.0,0.2492569814735488,0.0,0.2492569814735488,0.0,0.28325404055774234,0.0,0.22818500438816902,0.0,0.28325404055774234,0.0,0.0,0.0,0.24535641472067507,0.0,0.0,0.0,0.0,0.0,0.0,0.2492569814735488,0.0,0.0,0.0,0.0,0.0,0.0,0.0,0.0,0.0,0.0,0.0,0.0,0.0,0.0,0.0,0.0,0.0,0.0,0.0,0.0,0.0,0.0,0.0,0.0,0.22219338002391387,0.0,0.0,0.0,0.0,0.0,0.0,0.0,0.0,0.0,0.0,0.0,0.0,0.0,0.0,0.0,0.30347477109784643,0.0,0.0,0.25764868568155797,0.17651960539343173,0.0,0.0,0.0,0.0,0.0,0.0,0.0,0.0,0.0,0.0,0.0,0.0,0.0,0.25764868568155797,0.0,0.0,0.0,0.0,0.0,0.25334789351709064,0.0,0.24162926491592782,0.0,0.0,0.0,0.2040637070951912,0.0,0.0,0.0,0.0,0.0,0.0
28,0.0,0.0,0.0,0.0,0.0,0.0,0.0,0.0,0.0,0.0,0.30022364838820603,0.0,0.0,0.0,0.0,0.0,0.0,0.0,0.0,0.267222242689918,0.0,0.0,0.0,0.0,0.0,0.0,0.2433564999513591,0.0,0.0,0.0,0.0,0.0,0.267222242689918,0.0,0.0,0.0,0.0,0.0,0.0,0.0,0.25851872451546015,0.0,0.0,0.0,0.30022364838820603,0.2544732228172566,0.0,0.2544732228172566,0.0,0.0,0.0,0.3322019528269663,0.0,0.0,0.26276164424171705,0.0,0.0,0.0,0.0,0.0,0.0,0.0,0.0,0.0,0.0,0.0,0.0,0.0,0.0,0.0,0.0,0.0,0.0,0.0,0.3322019528269663,0.0,0.0,0.0,0.0,0.0,0.0,0.0,0.0,0.2544732228172566,0.0,0.0,0.0,0.0,0.0,0.0,0.0,0.0,0.0,0.0,0.0,0.0,0.0,0.0,0.25851872451546015,0.0,0.0,0.0,0.0,0.0,0.0,0.0,0.0,0.0,0.0,0.0,0.0,0.0,0.0
29,0.0,0.0,0.0,0.0,0.0,0.0,0.0,0.0,0.30920822141903564,0.3034308975308368,0.0,0.0,0.30920822141903564,0.2267768559260901,0.0,0.0,0.28329384697184673,0.0,0.28329384697184673,0.0,0.0,0.0,0.25934442169786165,0.27462454048163465,0.0,0.0,0.0,0.0,0.2788606449236652,0.0,0.0,0.0,0.0,0.0,0.0,0.0,0.0,0.0,0.0,0.0,0.0,0.0,0.0,0.0,0.0,0.0,0.0,0.0,0.0,0.0,0.0,0.0,0.0,0.0,0.0,0.0,0.0,0.0,0.0,0.0,0.0,0.2928314661537954,0.0,0.0,0.0,0.0,0.0,0.0,0.0,0.0,0.0,0.0,0.0,0.0,0.0,0.0,0.0,0.0,0.0,0.0,0.2006239415330654,0.0,0.0,0.0,0.0,0.0,0.0,0.0,0.0,0.0,0.0,0.0,0.0,0.0,0.0,0.0,0.0,0.0,0.0,0.0,0.28794338658990315,0.0,0.27462454048163465,0.0,0.0,0.0,0.0,0.0,0.0,0.0,0.0,0.0,0.0
30,0.0,0.0,0.0,0.0,0.0,0.0,0.0,0.0,0.0,0.24754123632154623,0.0,0.22749663718347118,0.0,0.0,0.0,0.23111327716575428,0.23111327716575428,0.0,0.0,0.0,0.0,0.0,0.0,0.0,0.0,0.0,0.0,0.0,0.22749663718347118,0.0,0.0,0.0,0.0,0.0,0.0,0.0,0.0,0.0,0.0,0.23111327716575428,0.0,0.0,0.2746199012659843,0.0,0.0,0.0,0.1936533824030365,0.0,0.22404079092885282,0.0,0.0,0.0,0.0,0.0,0.0,0.0,0.2969853813978262,0.0,0.0,0.0,0.0,0.0,0.0,0.0,0.0,0.23111327716575428,0.0,0.0,0.0,0.0,0.0,0.0,0.0,0.0,0.0,0.0,0.0,0.0,0.0,0.0,0.0,0.2969853813978262,0.0,0.0,0.0,0.0,0.0,0.0,0.0,0.0,0.0,0.23889413950731506,0.0,0.0,0.0,0.0,0.0,0.0,0.0,0.0,0.23490640698458803,0.0,0.22404079092885282,0.23111327716575428,0.0,0.0,0.0,0.0,0.0,0.0,0.25727188711642995,0.0,0.0
31,0.0,0.0,0.0,0.0,0.0,0.0,0.0,0.0,0.0,0.0,0.0,0.0,0.0,0.0,0.0,0.0,0.23184856272048635,0.0,0.0,0.0,0.0,0.0,0.0,0.0,0.0,0.0,0.0,0.0,0.2282204164190153,0.0,0.0,0.0,0.0,0.0,0.0,0.23184856272048635,0.0,0.0,0.0,0.0,0.0,0.24832878733332653,0.0,0.0,0.0,0.0,0.0,0.0,0.0,0.0,0.0,0.0,0.0,0.25809039613744,0.0,0.0,0.0,0.0,0.0,0.0,0.413350233963401,0.0,0.0,0.0,0.0,0.0,0.0,0.0,0.0,0.0,0.0,0.0,0.0,0.0,0.0,0.0,0.0,0.0,0.0,0.23965417983058865,0.0,0.0,0.0,0.0,0.0,0.0,0.0,0.0,0.0,0.0,0.0,0.0,0.0,0.243870940857114,0.4793083596611773,0.0,0.0,0.0,0.0,0.0,0.0,0.0,0.22475357540952368,0.0,0.0,0.0,0.37962328608601187,0.0,0.0,0.0,0.0,0.0,0.0
32,0.0,0.0,0.0,0.0,0.0,0.0,0.0,0.0,0.0,0.0,0.0,0.0,0.0,0.0,0.0,0.0,0.0,0.0,0.0,0.24169904110995366,0.0,0.1851353376520239,0.0,0.0,0.0,0.26571930616382977,0.22011278737141274,0.0,0.0,0.0,0.0,0.0,0.24169904110995366,0.0,0.0,0.0,0.0,0.0,0.0,0.0,0.2338268221813424,0.0,0.0,0.0,0.0,0.0,0.0,0.23016771854003695,0.0,0.0,0.0,0.0,0.0,0.0,0.0,0.0,0.0,0.0,0.0,0.0,0.0,0.0,0.21702782163451126,0.0,0.0,0.0,0.0,0.0,0.15667818320921462,0.0,0.0,0.0,0.1812016908221483,0.0,0.0,0.0,0.0,0.0,0.0,0.0,0.0,0.0,0.0,0.23016771854003695,0.27154838311181884,0.27784426584339084,0.0,0.0,0.28468828001734453,0.0,0.0,0.0,0.0,0.0,0.0,0.0,0.34091826257748614,0.19827523455754964,0.0,0.0,0.0,0.27784426584339084,0.0,0.0,0.0,0.0,0.0,0.0,0.0,0.0,0.0,0.0,0.0
33,0.0,0.0,0.0,0.0,0.0,0.2702317942197558,0.0,0.0,0.0,0.0,0.0,0.0,0.0,0.0,0.0,0.0,0.0,0.0,0.0,0.0,0.0,0.0,0.22223311701682524,0.0,0.27586575423543075,0.0,0.0,0.0,0.0,0.0,0.0,0.0,0.0,0.0,0.0,0.0,0.2649615765911326,0.0,0.0,0.0,0.0,0.0,0.0,0.2600109681019091,0.0,0.0,0.0,0.0,0.0,0.0,0.0,0.0,0.2702317942197558,0.0,0.24673966730159488,0.0,0.0,0.0,0.0,0.0,0.0,0.0,0.0,0.2702317942197558,0.0,0.0,0.0,0.0,0.0,0.0,0.0,0.0,0.0,0.0,0.0,0.0,0.0,0.2427554609891966,0.2819174135294751,0.0,0.17191533784766208,0.0,0.0,0.23895663507621615,0.0,0.0,0.0,0.0,0.0,0.0,0.0,0.0,0.0,0.0,0.0,0.2819174135294751,0.0,0.0,0.0,0.0,0.0,0.0,0.0,0.0,0.0,0.27586575423543075,0.0,0.0,0.0,0.0,0.0,0.27586575423543075,0.0
34,0.0,0.32922961228697567,0.0,0.0,0.0,0.0,0.0,0.0,0.32922961228697567,0.0,0.0,0.0,0.0,0.0,0.0,0.0,0.3016372688080313,0.0,0.0,0.31179245372194864,0.0,0.0,0.0,0.0,0.0,0.0,0.0,0.0,0.2969170146543273,0.0,0.0,0.0,0.0,0.0,0.0,0.0,0.0,0.0,0.0,0.0,0.3016372688080313,0.0,0.0,0.0,0.0,0.0,0.0,0.2969170146543273,0.0,0.0,0.0,0.0,0.0,0.0,0.0,0.0,0.0,0.0,0.0,0.0,0.2688863674005084,0.31179245372194864,0.0,0.0,0.0,0.0,0.0,0.0,0.0,0.0,0.0,0.0,0.0,0.0,0.0,0.0,0.0,0.0,0.0,0.0,0.0,0.0,0.0,0.0,0.0,0.0,0.0,0.0,0.0,0.0,0.0,0.0,0.0,0.0,0.31179245372194864,0.0,0.0,0.0,0.0,0.0,0.0,0.0,0.0,0.0,0.0,0.0,0.24694682133734974,0.0,0.0,0.0,0.0,0.0,0.0
35,0.0,0.0,0.0,0.0,0.2691784785875516,0.0,0.0,0.0,0.2691784785875516,0.2641490804447856,0.0,0.0,0.0,0.0,0.0,0.0,0.24661894942875484,0.0,0.24661894942875484,0.0,0.0,0.0,0.0,0.23907196144526904,0.0,0.0,0.0,0.0,0.24275966464931312,0.0,0.0,0.0,0.0,0.0,0.0,0.0,0.0,0.0,0.0,0.24661894942875484,0.0,0.0,0.0,0.0,0.0,0.0,0.20664582453784924,0.0,0.0,0.0,0.0,0.0,0.0,0.0,0.0,0.0,0.0,0.0,0.0,0.0,0.0,0.2549218393356347,0.0,0.0,0.0,0.24661894942875484,0.0,0.0,0.0,0.0,0.0,0.0,0.0,0.0,0.0,0.0,0.0,0.0,0.0,0.0,0.0,0.0,0.0,0.0,0.0,0.0,0.0,0.0,0.0,0.0,0.0,0.2549218393356347,0.0,0.0,0.0,0.0,0.0,0.0,0.0,0.2691784785875516,0.25066656496361117,0.0,0.23907196144526904,0.24661894942875484,0.0,0.0,0.0,0.0,0.0,0.0,0.0,0.0,0.0
36,0.0,0.0,0.0,0.0,0.0,0.0,0.0,0.0,0.0,0.0,0.0,0.0,0.0,0.19155905028346368,0.0,0.0,0.0,0.2779034773495281,0.0,0.0,0.2719379814956379,0.0,0.0,0.0,0.0,0.2719379814956379,0.0,0.0,0.0,0.0,0.0,0.2779034773495281,0.0,0.0,0.0,0.0,0.0,0.0,0.0,0.0,0.0,0.0,0.0,0.0,0.0,0.0,0.0,0.0,0.0,0.0,0.0,0.0,0.0,0.0,0.48645318275814653,0.0,0.0,0.0,0.0,0.18743007567913114,0.0,0.0,0.22210696164958593,0.0,0.0,0.0,0.0,0.0,0.16034495009575364,0.0,0.0,0.0,0.0,0.0,0.0,0.0,0.0,0.0,0.0,0.0,0.33893521935699195,0.0,0.0,0.0,0.2779034773495281,0.0,0.0,0.0,0.0,0.0,0.0,0.0,0.0,0.0,0.0,0.0,0.0,0.2029155045019973,0.0,0.0,0.0,0.28434670372428517,0.0,0.0,0.0,0.0,0.0,0.0,0.0,0.0,0.0,0.0,0.0
37,0.0,0.0,0.0,0.0,0.0,0.0,0.0,0.0,0.0,0.0,0.0,0.0,0.0,0.0,0.0,0.0,0.2659511097537301,0.0,0.0,0.0,0.0,0.0,0.0,0.0,0.0,0.3022251412306133,0.0,0.0,0.26178930032130154,0.2749048531299489,0.0,0.0,0.0,0.0,0.29027905304114116,0.0,0.0,0.0,0.0,0.0,0.0,0.0,0.0,0.0,0.0,0.0,0.0,0.0,0.0,0.0,0.0,0.0,0.0,0.0,0.0,0.0,0.0,0.2749048531299489,0.0,0.0,0.23707490818492113,0.0,0.0,0.0,0.0,0.0,0.0,0.0,0.17820340844547353,0.0,0.0,0.0,0.0,0.0,0.0,0.0,0.0,0.0,0.0,0.2749048531299489,0.0,0.0,0.0,0.0,0.0,0.31601588795682783,0.0,0.0,0.0,0.0,0.0,0.0,0.0,0.0,0.2749048531299489,0.0,0.0,0.0,0.0,0.0,0.0,0.0,0.2578125225358572,0.0,0.0,0.0,0.2177309900873748,0.0,0.0,0.2848554064780518,0.0,0.0,0.0
38,0.0,0.0,0.0,0.0,0.0,0.0,0.0,0.0,0.0,0.2854895266452314,0.0,0.0,0.0,0.0,0.32452098229672477,0.0,0.0,0.0,0.2665431468305887,0.0,0.0,0.0,0.24400981175979064,0.0,0.3028979283806013,0.0,0.0,0.0,0.26237207274236274,0.0,0.3167193748598157,0.0,0.0,0.0,0.0,0.0,0.0,0.3530741564098283,0.0,0.0,0.0,0.0,0.0,0.0,0.0,0.0,0.0,0.0,0.0,0.0,0.0,0.0,0.0,0.0,0.0,0.0,0.0,0.0,0.0,0.0,0.0,0.0,0.0,0.296711894807653,0.0,0.0,0.0,0.0,0.0,0.0,0.0,0.0,0.0,0.0,0.0,0.0,0.0,0.0,0.0,0.0,0.0,0.0,0.0,0.26237207274236274,0.0,0.0,0.0,0.0,0.0,0.0,0.0,0.0,0.0,0.0,0.0,0.0,0.0,0.0,0.0,0.0,0.27091776680330354,0.0,0.25838644220237417,0.0,0.0,0.0,0.0,0.0,0.0,0.0,0.0,0.0,0.0
39,0.0,0.0,0.0,0.0,0.0,0.0,0.0,0.0,0.0,0.0,0.30624631857213025,0.0,0.0,0.2110957894373536,0.0,0.26370476839469553,0.0,0.0,0.0,0.0,0.2996724132682632,0.0,0.0,0.0,0.0,0.0,0.0,0.0,0.0,0.0,0.0,0.30624631857213025,0.0,0.0,0.0,0.0,0.0,0.0,0.0,0.26370476839469553,0.0,0.0,0.0,0.0,0.30624631857213025,0.0,0.0,0.0,0.0,0.0,0.2935522538492969,0.0,0.0,0.0,0.0,0.0,0.0,0.0,0.255634923304233,0.0,0.0,0.0,0.0,0.0,0.0,0.0,0.0,0.0,0.0,0.0,0.0,0.0,0.0,0.0,0.0,0.0,0.32106520649044845,0.0,0.0,0.0,0.18675128528882454,0.0,0.0,0.0,0.0,0.0,0.0,0.0,0.0,0.0,0.0,0.0,0.0,0.0,0.0,0.0,0.0,0.0,0.0,0.0,0.0,0.0,0.0,0.26370476839469553,0.0,0.0,0.0,0.0,0.0,0.0,0.0,0.0,0.2935522538492969
40,0.0,0.0,0.0,0.0,0.0,0.0,0.0,0.0,0.0,0.0,0.2938532736356815,0.24907361554936924,0.0,0.0,0.0,0.0,0.25303327670164016,0.0,0.0,0.0,0.0,0.0,0.0,0.0,0.0,0.0,0.0,0.0,0.0,0.0,0.0,0.0,0.0,0.0,0.0,0.25303327670164016,0.0,0.0,0.0,0.0,0.0,0.0,0.0,0.0,0.2938532736356815,0.0,0.0,0.0,0.0,0.0,0.0,0.0,0.0,0.2816729068905732,0.0,0.0,0.0,0.0,0.0,0.0,0.22555965604851075,0.0,0.0,0.0,0.0,0.0,0.0,0.0,0.0,0.0,0.0,0.0,0.0,0.0,0.0,0.0,0.0,0.25303327670164016,0.0,0.2615521169776901,0.0,0.0,0.0,0.0,0.0,0.0,0.0,0.0,0.0,0.0,0.0,0.0,0.0,0.0,0.2615521169776901,0.0,0.0,0.0,0.0,0.0,0.0,0.0,0.0,0.0,0.0,0.0,0.41431062959140796,0.23485441204435661,0.0,0.0,0.2816729068905732,0.0,0.0
41,0.0,0.0,0.0,0.0,0.0,0.0,0.0,0.0,0.0,0.0,0.0,0.0,0.0,0.1844198683242704,0.0,0.0,0.0,0.26754633949070616,0.0,0.0,0.26180317069635567,0.0,0.0,0.0,0.0,0.0,0.21686879465626427,0.0,0.0,0.0,0.0,0.26754633949070616,0.23813691308466978,0.0,0.0,0.0,0.0,0.0,0.0,0.0,0.0,0.0,0.0,0.0,0.0,0.4535510751979418,0.0,0.0,0.0,0.0,0.0,0.0,0.0,0.0,0.0,0.0,0.0,0.23813691308466978,0.0,0.0,0.0,0.0,0.2138292947303068,0.0,0.0,0.0,0.0,0.0,0.0,0.0,0.0,0.0,0.0,0.0,0.0,0.0,0.2804925823593703,0.0,0.0,0.0,0.0,0.0,0.0,0.2267755375989709,0.0,0.0,0.0,0.0,0.0,0.0,0.0,0.0,0.0,0.0,0.0,0.0,0.0,0.0,0.4607614277239243,0.0,0.0,0.0,0.0,0.0,0.0,0.0,0.0,0.0,0.0,0.0,0.0,0.0,0.0
42,0.0,0.2846100482022899,0.2963228352594827,0.0,0.0,0.0,0.30984425559406403,0.0,0.2846100482022899,0.0,0.0,0.0,0.2846100482022899,0.0,0.0,0.0,0.0,0.0,0.0,0.0,0.0,0.0,0.0,0.0,0.2963228352594827,0.0,0.0,0.0,0.0,0.0,0.0,0.0,0.0,0.0,0.0,0.0,0.0,0.0,0.0,0.0,0.0,0.0,0.0,0.0,0.0,0.0,0.21849249758423697,0.2566766861153065,0.0,0.2963228352594827,0.0,0.0,0.0,0.0,0.0,0.0,0.0,0.0,0.0,0.0,0.0,0.0,0.0,0.290271083710218,0.0,0.0,0.0,0.0,0.0,0.0,0.0,0.2742786378239665,0.0,0.0,0.0,0.0,0.0,0.0,0.0,0.0,0.0,0.0,0.0,0.2566766861153065,0.0,0.0,0.0,0.0,0.0,0.0,0.0,0.0,0.0,0.0,0.0,0.0,0.0,0.0,0.0,0.0,0.0,0.0,0.0,0.0,0.0,0.0,0.0,0.24202343580288077,0.0,0.0,0.0,0.0,0.0
43,0.0,0.0,0.0,0.0,0.281992852096903,0.0,0.0,0.0,0.0,0.0,0.0,0.0,0.0,0.0,0.0,0.0,0.0,0.0,0.0,0.0,0.0,0.0,0.0,0.0,0.0,0.0,0.24320648739212894,0.0,0.0,0.0,0.0,0.0,0.2670575185402974,0.0,0.281992852096903,0.0,0.0,0.0,0.0,0.2583593654867051,0.0,0.0,0.0,0.0,0.0,0.25431635756229937,0.0,0.0,0.25045309943835153,0.0,0.0,0.0,0.0,0.0,0.0,0.0,0.0,0.2670575185402974,0.25045309943835153,0.0,0.0,0.0,0.0,0.0,0.0,0.0,0.0,0.25045309943835153,0.1731164783488742,0.0,0.0,0.0,0.0,0.0,0.0,0.0,0.0,0.0,0.0,0.0,0.0,0.0,0.0,0.0,0.0,0.0,0.0,0.0,0.0,0.0,0.0,0.0,0.0,0.0,0.0,0.0,0.0,0.0,0.2583593654867051,0.281992852096903,0.0,0.0,0.0,0.2583593654867051,0.0,0.0,0.0,0.0,0.2767240269885533,0.0,0.0,0.0,0.0
44,0.0,0.0,0.0,0.0,0.0,0.0,0.0,0.0,0.3023110033198462,0.0,0.0,0.0,0.3023110033198462,0.22171835706731943,0.3372215537044978,0.0,0.0,0.0,0.0,0.0,0.0,0.0,0.2535594686618484,0.2684987481517969,0.0,0.0,0.0,0.0,0.0,0.0,0.32911461971629274,0.0,0.0,0.0,0.0,0.0,0.0,0.0,0.0,0.0,0.0,0.0,0.0,0.0,0.0,0.0,0.0,0.0,0.0,0.0,0.308324119634751,0.0,0.0,0.0,0.0,0.0,0.0,0.0,0.0,0.0,0.0,0.2862995489909881,0.0,0.0,0.0,0.0,0.0,0.0,0.0,0.0,0.0,0.0,0.0,0.0,0.0,0.0,0.0,0.0,0.0,0.0,0.19614881123309405,0.0,0.0,0.0,0.0,0.0,0.0,0.0,0.0,0.0,0.0,0.0,0.0,0.0,0.0,0.0,0.0,0.0,0.0,0.0,0.0,0.0,0.0,0.0,0.0,0.31475225207159424,0.0,0.0,0.0,0.0,0.0,0.0,0.308324119634751
45,0.0,0.0,0.0,0.0,0.0,0.0,0.0,0.0,0.0,0.0,0.0,0.2575150064059464,0.0,0.0,0.0,0.26160886502177516,0.0,0.0,0.0,0.0,0.0,0.0,0.0,0.0,0.0,0.0,0.0,0.0,0.0,0.0,0.0,0.0,0.0,0.0,0.0,0.26160886502177516,0.0,0.0,0.0,0.26160886502177516,0.0,0.0,0.0,0.0,0.0,0.0,0.2192061061976627,0.0,0.25360315838298725,0.0,0.0,0.0,0.0,0.0,0.0,0.0,0.0,0.0,0.0,0.0,0.2332041318151669,0.0,0.0,0.0,0.0,0.26160886502177516,0.0,0.0,0.0,0.0,0.0,0.0,0.0,0.0,0.0,0.0,0.0,0.0,0.0,0.27041641857745646,0.0,0.0,0.0,0.0,0.0,0.0,0.0,0.0,0.0,0.0,0.0,0.0,0.4685348026898856,0.0,0.27041641857745646,0.0,0.0,0.0,0.0,0.28553960040252674,0.0,0.0,0.0,0.0,0.0,0.0,0.21417604630253517,0.0,0.0,0.0,0.0,0.0,0.0
46,0.0,0.0,0.0,0.0,0.0,0.0,0.0,0.0,0.0,0.0,0.0,0.28225169244368126,0.31296830657805347,0.0,0.0,0.28673880385155515,0.0,0.0,0.0,0.0,0.0,0.0,0.26249814479948214,0.27796407542099744,0.0,0.0,0.0,0.0,0.0,0.0,0.0,0.0,0.0,0.0,0.0,0.0,0.0,0.3798261650456085,0.40757468343112135,0.0,0.0,0.0,0.0,0.0,0.0,0.0,0.0,0.0,0.27796407542099744,0.0,0.0,0.0,0.0,0.0,0.0,0.0,0.0,0.0,0.0,0.0,0.0,0.2963924039740294,0.0,0.0,0.0,0.0,0.0,0.27796407542099744,0.0,0.0,0.0,0.0,0.0,0.0,0.0,0.0,0.0,0.0,0.0,0.0,0.20306360210108063,0.0,0.0,0.0,0.0,0.0,0.0,0.0,0.0,0.0,0.0,0.0,0.0,0.0,0.0,0.0,0.0,0.0,0.0,0.0,0.0,0.0,0.0,0.0,0.0,0.0,0.0,0.0,0.0,0.0,0.0,0.0,0.0
47,0.0,0.0,0.30264316535639807,0.0,0.0,0.0,0.0,0.0,0.0,0.0,0.0,0.0,0.0,0.0,0.0,0.0,0.0,0.0,0.0,0.2752850890707304,0.0,0.0,0.0,0.0,0.0,0.0,0.0,0.0,0.0,0.2752850890707304,0.0,0.0,0.0,0.0,0.0,0.0,0.0,0.0,0.0,0.0,0.26631896128224164,0.2852494055735049,0.0,0.0,0.0,0.0,0.22315276855938002,0.2621513954235192,0.0,0.30264316535639807,0.0,0.0,0.0,0.29646233476595046,0.0,0.0,0.0,0.0,0.0,0.0,0.0,0.0,0.0,0.0,0.0,0.26631896128224164,0.0,0.0,0.0,0.0,0.0,0.0,0.0,0.0,0.0,0.0,0.0,0.0,0.0,0.0,0.0,0.0,0.0,0.0,0.0,0.0,0.0,0.0,0.0,0.0,0.0,0.2752850890707304,0.0,0.2801287827446634,0.0,0.0,0.0,0.0,0.0,0.0,0.0,0.0,0.0,0.0,0.0,0.0,0.0,0.0,0.0,0.2852494055735049,0.0,0.0,0.0
48,0.0,0.0,0.0,0.0,0.0,0.25321445676931614,0.0,0.0,0.0,0.0,0.26416419624785187,0.0,0.0,0.0,0.0,0.0,0.0,0.0,0.0,0.0,0.0,0.18010097172179765,0.0,0.0,0.0,0.0,0.0,0.19288355678104477,0.0,0.0,0.0,0.0,0.0,0.0,0.0,0.0,0.24827612115362369,0.0,0.0,0.0,0.0,0.0,0.0,0.2436372678947178,0.26416419624785187,0.0,0.0,0.0,0.0,0.0,0.0,0.2923016302400972,0.25321445676931614,0.0,0.0,0.0,0.0,0.0,0.0,0.0,0.0,0.0,0.0,0.0,0.0,0.0,0.0,0.0,0.15241764971214244,0.0,0.0,0.0,0.17627429213995274,0.0,0.2923016302400972,0.0,0.0,0.0,0.26416419624785187,0.0,0.0,0.0,0.0,0.0,0.0,0.0,0.0,0.0,0.0,0.0,0.0,0.0,0.0,0.0,0.0,0.26416419624785187,0.3316477078153372,0.0,0.0,0.0,0.0,0.0,0.0,0.0,0.0,0.0,0.0,0.0,0.0,0.0,0.0,0.25849362878143345,0.0
49,0.0,0.0,0.0,0.0,0.0,0.0,0.0,0.2732557236606451,0.0,0.0,0.0,0.0,0.0,0.0,0.0,0.0,0.0,0.0,0.0,0.0,0.0,0.17770064388382806,0.0,0.0,0.0,0.0,0.21127346372134692,0.0,0.0,0.0,0.0,0.0,0.23199285331507355,0.0,0.24496717684637853,0.0,0.0,0.0,0.0,0.0,0.0,0.0,0.0,0.0,0.0,0.2209246073956597,0.0,0.0,0.0,0.0,0.2498396959129527,0.0,0.0,0.0,0.0,0.0,0.0,0.23199285331507355,0.21756859525203584,0.0,0.20006807363720974,0.0,0.0,0.0,0.0,0.0,0.0,0.0,0.15038627628808848,0.0,0.0,0.0,0.17392496505694563,0.0,0.0,0.0,0.0,0.0,0.0,0.0,0.0,0.0,0.0,0.0,0.0,0.0,0.0,0.0,0.0,0.0,0.0,0.0,0.0,0.0,0.0,0.2606435007847088,0.327227613809972,0.0,0.2244367681821638,0.0,0.0,0.0,0.0,0.0,0.0,0.25504850881805924,0.1837436955745877,0.20831238451972345,0.0,0.0,0.0,0.0,0.2498396959129527
50,0.0,0.0,0.0,0.0,0.0,0.0,0.0,0.0,0.0,0.0,0.0,0.0,0.0,0.0,0.0,0.0,0.2622021745034106,0.0,0.0,0.0,0.0,0.0,0.0,0.0,0.0,0.0,0.24682391415314897,0.0,0.25809903132020656,0.0,0.0,0.0,0.27102970293660283,0.0,0.0,0.2622021745034106,0.0,0.0,0.0,0.0,0.0,0.0,0.0,0.0,0.0,0.0,0.0,0.0,0.0,0.0,0.0,0.0,0.0,0.0,0.0,0.0,0.0,0.0,0.0,0.0,0.2337330214709168,0.0,0.0,0.2918795885194585,0.0,0.0,0.0,0.0,0.0,0.0,0.0,0.0,0.0,0.0,0.0,0.0,0.0,0.0,0.0,0.27102970293660283,0.0,0.0,0.0,0.25809903132020656,0.0,0.0,0.0,0.0,0.0,0.0,0.0,0.0,0.0,0.0,0.27102970293660283,0.0,0.0,0.0,0.0,0.0,0.0,0.0,0.25417831151638276,0.0,0.0,0.0,0.429323563346323,0.24336458165682495,0.0,0.0,0.0,0.0,0.0
51,0.0,0.0,0.0,0.0,0.0,0.0,0.0,0.0,0.0,0.0,0.0,0.0,0.0,0.22317198500283358,0.0,0.0,0.0,0.32376580791932474,0.0,0.28817658356693904,0.31681582800833247,0.0,0.2552218530121396,0.0,0.31681582800833247,0.0,0.0,0.0,0.0,0.0,0.0,0.32376580791932474,0.0,0.0,0.0,0.0,0.0,0.0,0.0,0.0,0.2787905754738984,0.0,0.0,0.0,0.0,0.0,0.0,0.27442784411416143,0.0,0.0,0.0,0.0,0.0,0.0,0.0,0.0,0.0,0.0,0.0,0.0,0.0,0.0,0.2587612093552193,0.3103455515063474,0.0,0.0,0.0,0.0,0.0,0.0,0.0,0.0,0.0,0.0,0.0,0.0,0.0,0.0,0.0,0.0,0.0,0.0,0.0,0.27442784411416143,0.0,0.0,0.0,0.0,0.0,0.0,0.0,0.0,0.0,0.0,0.0,0.0,0.0,0.0,0.0,0.0,0.0,0.0,0.0,0.0,0.0,0.0,0.0,0.0,0.0,0.0,0.0,0.0,0.0
52,0.0,0.0,0.0,0.0,0.0,0.0,0.0,0.0,0.0,0.0,0.0,0.27727019534311065,0.0,0.2254834602392019,0.0,0.28167811313384533,0.0,0.0,0.0,0.0,0.0,0.0,0.0,0.27305825103502396,0.0,0.0,0.0,0.0,0.0,0.0,0.0,0.0,0.0,0.0,0.0,0.0,0.0,0.0,0.0,0.0,0.0,0.3017003143435344,0.0,0.0,0.0,0.0,0.0,0.0,0.27305825103502396,0.0,0.0,0.0,0.0,0.0,0.2863011346380341,0.0,0.0,0.0,0.0,0.0,0.0,0.0,0.0,0.0,0.0,0.0,0.0,0.27305825103502396,0.0,0.0,0.0,0.0,0.0,0.0,0.0,0.0,0.0,0.28167811313384533,0.0,0.0,0.19947970598219444,0.0,0.0,0.0,0.0,0.0,0.0,0.0,0.0,0.0,0.0,0.0,0.0,0.29628437486422116,0.0,0.0,0.0,0.0,0.0,0.0,0.0,0.0,0.0,0.0,0.0,0.0,0.0,0.0,0.3017003143435344,0.0,0.3135599157869487,0.0,0.0
53,0.0,0.0,0.0,0.0,0.2744759538078621,0.0,0.0,0.0,0.0,0.26934757631067596,0.0,0.0,0.0,0.0,0.0,0.0,0.2514724495314122,0.0,0.2514724495314122,0.0,0.0,0.1991064858165548,0.0,0.0,0.0,0.0,0.0,0.0,0.24753721341442486,0.0,0.0,0.0,0.0,0.0,0.0,0.0,0.0,0.0,0.0,0.2514724495314122,0.0,0.0,0.0,0.0,0.0,0.0,0.0,0.0,0.0,0.0,0.0,0.0,0.0,0.0,0.0,0.0,0.0,0.0,0.2437769356254965,0.1969647936648437,0.0,0.0,0.23340572058311856,0.0,0.0,0.0,0.0,0.0,0.16850182606166564,0.0,0.0,0.0,0.1948759882428713,0.0,0.0,0.0,0.0,0.0,0.0,0.0,0.0,0.0,0.0,0.0,0.0,0.0,0.0,0.0,0.0,0.0,0.0,0.0,0.0,0.0,0.0,0.0,0.1833227466818696,0.21323797864786112,0.0,0.2744759538078621,0.2555997227829989,0.0,0.2437769356254965,0.2514724495314122,0.0,0.0,0.0,0.0,0.0,0.0,0.0,0.0,0.0
54,0.0,0.0,0.0,0.0,0.0,0.0,0.0,0.2819204480374306,0.0,0.0,0.0,0.0,0.0,0.0,0.0,0.0,0.23155348182410768,0.0,0.0,0.0,0.0,0.18333539173175553,0.0,0.0,0.0,0.0,0.0,0.0,0.2279299531775846,0.0,0.0,0.0,0.0,0.0,0.0,0.0,0.0,0.0,0.0,0.0,0.0,0.0,0.0,0.0,0.0,0.0,0.0,0.0,0.0,0.0,0.0,0.0,0.0,0.0,0.0,0.0,0.0,0.0,0.0,0.18136334160997022,0.4128241502295833,0.0,0.21491780662014373,0.0,0.0,0.23155348182410768,0.0,0.0,0.15515490699280396,0.0,0.0,0.0,0.17943998909476608,0.0,0.0,0.0,0.0,0.0,0.0,0.0,0.0,0.0,0.0,0.0,0.0,0.0,0.0,0.0,0.0,0.0,0.0,0.23934916448188207,0.0,0.0,0.23934916448188207,0.0,0.16880187221639703,0.19634753828919643,0.0,0.0,0.0,0.0,0.2244675245247653,0.0,0.0,0.0,0.3791401276905918,0.21491780662014373,0.0,0.0,0.0,0.0,0.0
55,0.0,0.0,0.262145434367834,0.0,0.0,0.0,0.27410731575228753,0.0,0.0,0.0,0.0,0.0,0.0,0.18466096632571297,0.0,0.0,0.0,0.26789611139072217,0.0,0.0,0.0,0.1826453041981928,0.0,0.0,0.0,0.0,0.0,0.19560847210487042,0.0,0.23844823709946336,0.0,0.0,0.0,0.0,0.0,0.0,0.0,0.0,0.0,0.0,0.0,0.0,0.0,0.0,0.0,0.0,0.19329192309859217,0.0,0.0,0.262145434367834,0.0,0.0,0.0,0.0,0.0,0.0,0.0,0.0,0.0,0.18068067701418156,0.0,0.0,0.21410884061697177,0.0,0.0,0.23068189794905503,0.0,0.0,0.15457089282033323,0.0,0.0,0.24264377933350853,0.1787645641354756,0.0,0.0,0.0,0.0,0.0,0.0,0.0,0.0,0.0,0.0,0.0,0.0,0.0,0.0,0.0,0.0,0.0,0.0,0.23844823709946336,0.0,0.0,0.0,0.0,0.3363329797805547,0.19560847210487042,0.0,0.0,0.0,0.0,0.0,0.0,0.0,0.0,0.0,0.0,0.0,0.24707919387234256,0.0,0.0,0.0
56,0.0,0.0,0.0,0.0,0.450977215748541,0.0,0.0,0.0,0.0,0.0,0.0,0.0,0.0,0.0,0.0,0.0,0.0,0.0,0.0,0.0,0.0,0.0,0.0,0.0,0.0,0.0,0.0,0.0,0.0,0.0,0.0,0.0,0.0,0.0,0.0,0.41318134996455663,0.0,0.0,0.0,0.41318134996455663,0.0,0.0,0.0,0.0,0.0,0.0,0.0,0.0,0.0,0.0,0.0,0.0,0.0,0.0,0.0,0.0,0.0,0.0,0.0,0.323622645317911,0.0,0.0,0.0,0.0,0.0,0.0,0.0,0.0,0.0,0.0,0.0,0.0,0.0,0.0,0.0,0.0,0.0,0.0,0.0,0.0,0.0,0.0,0.0,0.0,0.0,0.0,0.0,0.0,0.0,0.0,0.0,0.0,0.0,0.0,0.0,0.0,0.0,0.0,0.0,0.450977215748541,0.0,0.0,0.0,0.0,0.0,0.0,0.0,0.3834968438876107,0.0,0.0,0.0,0.0,0.0
57,0.0,0.0,0.0,0.0,0.0,0.0,0.0,0.0,0.0,0.27387085955404217,0.0,0.0,0.0,0.20468440414223033,0.0,0.0,0.2556955471835762,0.2969450286278243,0.2556955471835762,0.0,0.0,0.2024501766834841,0.0,0.0,0.0,0.0,0.0,0.2168189864626655,0.25169422475599174,0.0,0.0,0.0,0.0,0.0,0.0,0.0,0.0,0.0,0.0,0.0,0.0,0.0,0.0,0.0,0.0,0.0,0.0,0.0,0.0,0.0,0.0,0.0,0.0,0.0,0.0,0.0,0.0,0.0,0.0,0.20027251806660196,0.0,0.0,0.23732541497681037,0.0,0.0,0.0,0.0,0.0,0.17133155817487464,0.0,0.0,0.0,0.19814863433171775,0.0,0.0,0.0,0.0,0.0,0.0,0.0,0.18107928942601048,0.0,0.0,0.0,0.0,0.0,0.0,0.0,0.0,0.0,0.0,0.0,0.0,0.0,0.0,0.0,0.37280274727002655,0.2168189864626655,0.0,0.0,0.2598921317176159,0.0,0.24787079881571913,0.0,0.0,0.0,0.0,0.0,0.0,0.0,0.0,0.0,0.0
58,0.0,0.0,0.0,0.0,0.0,0.0,0.0,0.0,0.0,0.0,0.0,0.0,0.4865107451628498,0.356812560338663,0.0,0.0,0.0,0.0,0.0,0.0,0.0,0.0,0.40805463475392395,0.0,0.0,0.0,0.0,0.0,0.0,0.0,0.0,0.0,0.0,0.0,0.0,0.0,0.0,0.0,0.0,0.0,0.0,0.0,0.0,0.0,0.0,0.0,0.0,0.0,0.0,0.0,0.0,0.0,0.0,0.0,0.0,0.0,0.0,0.0,0.0,0.0,0.0,0.0,0.0,0.0,0.0,0.0,0.0,0.0,0.0,0.0,0.0,0.0,0.0,0.0,0.0,0.0,0.0,0.44573685640636274,0.0,0.0,0.3156633508799414,0.0,0.0,0.0,0.0,0.0,0.0,0.0,0.0,0.0,0.0,0.0,0.0,0.0,0.0,0.0,0.0,0.0,0.0,0.0,0.0,0.0,0.0,0.0,0.0,0.0,0.0,0.41371343999647764,0.0,0.0,0.0,0.0,0.0
59,0.0,0.0,0.0,0.0,0.0,0.0,0.0,0.0,0.0,0.0,0.0,0.24396026376052693,0.0,0.0,0.0,0.24783863512868515,0.0,0.0,0.0,0.0,0.0,0.0,0.0,0.0,0.0,0.2816422408371573,0.2333028019950326,0.0,0.0,0.0,0.0,0.0,0.0,0.0,0.2705097353373785,0.0,0.0,0.0,0.0,0.0,0.0,0.0,0.0,0.0,0.0,0.24396026376052693,0.0,0.0,0.24025432254649223,0.0,0.0,0.0,0.0,0.0,0.0,0.0,0.0,0.2561825880443524,0.0,0.0,0.0,0.0,0.0,0.0,0.0,0.0,0.0,0.0,0.16606694954310608,0.0,0.0,0.0,0.0,0.0,0.0,0.0,0.0,0.0,0.0,0.0,0.0,0.0,0.0,0.0,0.28782061875536413,0.29449377527593196,0.0,0.0,0.30174790940755253,0.0,0.0,0.0,0.0,0.0,0.0,0.0,0.0,0.0,0.24783863512868515,0.0,0.0,0.29449377527593196,0.0,0.0,0.0,0.0,0.0,0.23003297310833856,0.0,0.0,0.0,0.0,0.0
60,0.0,0.2519648661848023,0.0,0.0,0.2519648661848023,0.25697657277503727,0.0,0.0,0.0,0.0,0.0,0.0,0.0,0.0,0.0,0.0,0.0,0.0,0.0,0.0,0.0,0.0,0.0,0.0,0.0,0.0,0.0,0.0,0.0,0.0,0.0,0.0,0.0,0.0,0.0,0.23084798947342894,0.0,0.0,0.0,0.23084798947342894,0.0,0.0,0.0,0.2472570914894343,0.0,0.0,0.0,0.0,0.0,0.0,0.25697657277503727,0.0,0.0,0.0,0.0,0.0,0.0,0.0,0.22378362152196654,0.0,0.0,0.0,0.0,0.0,0.0,0.0,0.0,0.0,0.0,0.0,0.0,0.2428184834414063,0.0,0.0,0.0,0.0,0.0,0.0,0.26808899723876806,0.0,0.0,0.0,0.0,0.0,0.0,0.0,0.0,0.0,0.0,0.0,0.0,0.0,0.0,0.0,0.0,0.26808899723876806,0.0,0.0,0.0,0.2519648661848023,0.0,0.0,0.0,0.23084798947342894,0.0,0.2623341797145167,0.0,0.0,0.0,0.0,0.0,0.2623341797145167,0.25697657277503727
61,0.0,0.2652847533574269,0.2762022309560638,0.0,0.0,0.0,0.0,0.0,0.0,0.0,0.0,0.0,0.0,0.0,0.0,0.0,0.2430515526938585,0.0,0.0,0.0,0.0,0.0,0.0,0.0,0.0,0.0,0.0,0.0,0.23924809330801733,0.0,0.0,0.0,0.0,0.0,0.0,0.0,0.0,0.0,0.0,0.0,0.0,0.0,0.0,0.0,0.0,0.0,0.0,0.0,0.0,0.2762022309560638,0.0,0.0,0.0,0.0,0.0,0.0,0.0,0.0,0.0,0.0,0.21666171873641096,0.0,0.0,0.0,0.0,0.0,0.0,0.0,0.0,0.0,0.0,0.2556548556382155,0.0,0.0,0.0,0.0,0.0,0.0,0.0,0.0,0.17212502501693697,0.0,0.0,0.0,0.0,0.0,0.0,0.0,0.0,0.0,0.0,0.0,0.0,0.0,0.2512343394926333,0.0,0.0,0.0,0.0,0.0,0.24704061858978152,0.0,0.23561373353277243,0.0,0.3603835362001798,0.0,0.3979667936660327,0.2255898127252687,0.0,0.0,0.0,0.0,0.0
62,0.0,0.0,0.0,0.0,0.0,0.0,0.0,0.0,0.0,0.0,0.0,0.0,0.0,0.3899236489572305,0.0,0.0,0.0,0.565680075077013,0.0,0.0,0.2767685731317191,0.0,0.0,0.0,0.0,0.0,0.0,0.0,0.0,0.0,0.0,0.2828400375385065,0.0,0.0,0.0,0.0,0.0,0.0,0.0,0.0,0.0,0.0,0.0,0.0,0.0,0.0,0.0,0.0,0.0,0.0,0.0,0.0,0.0,0.0,0.0,0.0,0.0,0.0,0.0,0.19075950451046267,0.0,0.0,0.452104752122413,0.0,0.0,0.0,0.0,0.0,0.0,0.0,0.0,0.0,0.0,0.0,0.0,0.0,0.2965263239064154,0.0,0.0,0.0,0.0,0.0,0.0,0.0,0.0,0.0,0.0,0.0,0.0,0.0,0.0,0.0,0.0,0.0,0.0,0.0,0.0,0.20652000996124764,0.0,0.0,0.0,0.0,0.0,0.0,0.0,0.0,0.0,0.0,0.0,0.0,0.0,0.0,0.0
63,0.0,0.0,0.0,0.0,0.0,0.0,0.0,0.0,0.0,0.0,0.0,0.0,0.0,0.321185474082659,0.0,0.0,0.0,0.0,0.0,0.0,0.0,0.0,0.0,0.0,0.0,0.0,0.0,0.0,0.0,0.0,0.0,0.0,0.0,0.0,0.0,0.0,0.0,0.0,0.0,0.0,0.0,0.0,0.0,0.0,0.0,0.0,0.0,0.0,0.0,0.0,0.0,0.0,0.0,0.0,0.40781601258721945,0.0,0.0,0.0,0.0,0.0,0.0,0.0,0.0,0.0,0.0,0.0,0.0,0.0,0.0,0.0,0.0,0.0,0.0,0.0,0.0,0.0,0.0,0.4012308406551318,0.0,0.0,0.5682898769407968,0.0,0.0,0.0,0.0,0.0,0.0,0.0,0.0,0.0,0.0,0.0,0.0,0.0,0.0,0.0,0.0,0.0,0.0,0.0,0.0,0.0,0.0,0.0,0.0,0.0,0.3284828864610756,0.37240490422623185,0.0,0.0,0.0,0.0,0.0
64,0.0,0.0,0.0,0.0,0.0,0.0,0.0,0.0,0.2624305408321074,0.0,0.0,0.0,0.2624305408321074,0.0,0.0,0.0,0.0,0.0,0.0,0.0,0.0,0.0,0.22011024330341436,0.0,0.0,0.27323055671870633,0.2263348504956465,0.0,0.0,0.0,0.0,0.0,0.0,0.0,0.0,0.0,0.0,0.0,0.0,0.0,0.0,0.0,0.0,0.0,0.0,0.23667401056886153,0.0,0.0,0.0,0.0,0.0,0.0,0.0,0.0,0.0,0.0,0.0,0.2485312961043685,0.0,0.0,0.0,0.0,0.0,0.0,0.0,0.0,0.0,0.0,0.0,0.43061572368679185,0.0,0.0,0.0,0.0,0.0,0.0,0.0,0.0,0.0,0.0,0.0,0.0,0.0,0.0,0.2792244077589211,0.2856982600680285,0.0,0.0,0.2927357381870897,0.0,0.0,0.0,0.0,0.0,0.0,0.0,0.0,0.0,0.24043654833639924,0.0,0.0,0.2856982600680285,0.0,0.0,0.0,0.0,0.0,0.0,0.0,0.0,0.0,0.0,0.0
65,0.0,0.0,0.0,0.0,0.0,0.0,0.0,0.0,0.0,0.0,0.0,0.3096515601984506,0.0,0.0,0.0,0.0,0.0,0.0,0.0,0.0,0.0,0.0,0.0,0.0,0.0,0.0,0.0,0.0,0.0,0.0,0.0,0.0,0.0,0.0,0.0,0.0,0.0,0.0,0.0,0.0,0.0,0.33693478281440414,0.0,0.0,0.0,0.0,0.2635866302957563,0.0,0.30494771842831697,0.0,0.0,0.0,0.0,0.0,0.0,0.0,0.0,0.0,0.30494771842831697,0.0,0.0,0.0,0.0,0.0,0.0,0.0,0.0,0.6098954368566339,0.0,0.0,0.0,0.0,0.0,0.0,0.0,0.0,0.0,0.0,0.0,0.0,0.22277620610782858,0.0,0.0,0.0,0.0,0.0,0.0,0.0,0.0,0.0,0.0,0.0,0.0,0.0,0.0,0.0,0.0,0.0,0.0,0.0,0.0,0.0,0.0,0.0,0.0,0.0,0.0,0.0,0.33693478281440414,0.0,0.0,0.0,0.0
66,0.0,0.0,0.0,0.0,0.0,0.0,0.0,0.0,0.0,0.0,0.0,0.30762922072144094,0.0,0.25017222306610687,0.0,0.0,0.0,0.0,0.0,0.0,0.0,0.0,0.0,0.30295609981994837,0.0,0.0,0.0,0.0,0.0,0.0,0.0,0.0,0.0,0.0,0.0,0.0,0.0,0.0,0.0,0.0,0.0,0.0,0.0,0.0,0.0,0.0,0.2618651416401932,0.0,0.0,0.0,0.0,0.0,0.0,0.0,0.317648980740155,0.0,0.0,0.0,0.30295609981994837,0.0,0.0,0.3230413375837541,0.0,0.0,0.0,0.0,0.0,0.30295609981994837,0.0,0.0,0.0,0.0,0.0,0.0,0.0,0.0,0.0,0.31251977274521653,0.0,0.0,0.44264250201942523,0.0,0.0,0.0,0.0,0.0,0.0,0.0,0.0,0.0,0.0,0.0,0.0,0.0,0.0,0.0,0.0,0.0,0.0,0.0,0.0,0.0,0.0,0.0,0.0,0.0,0.0,0.0,0.0,0.0,0.0,0.0,0.0
67,0.0,0.36359337797712016,0.0,0.0,0.0,0.0,0.0,0.0,0.0,0.0,0.0,0.0,0.0,0.0,0.0,0.0,0.0,0.0,0.3331210480365511,0.34433619348226213,0.0,0.0,0.0,0.0,0.0,0.0,0.0,0.0,0.0,0.0,0.0,0.0,0.0,0.0,0.0,0.0,0.0,0.0,0.0,0.0,0.3331210480365511,0.0,0.0,0.0,0.0,0.0,0.0,0.3279081112635375,0.0,0.0,0.0,0.0,0.0,0.0,0.0,0.0,0.0,0.0,0.0,0.0,0.0,0.0,0.0,0.0,0.0,0.0,0.0,0.0,0.0,0.0,0.0,0.3503948545151075,0.0,0.0,0.0,0.0,0.0,0.0,0.0,0.0,0.47182145591294933,0.0,0.0,0.0,0.0,0.0,0.0,0.0,0.0,0.0,0.0,0.0,0.0,0.0,0.0,0.0,0.0,0.0,0.0,0.0,0.0,0.0,0.0,0.0,0.0,0.0,0.2727222145269689,0.0,0.0,0.0,0.0,0.0,0.0
68,0.0,0.0,0.0,0.0,0.0,0.3246593370187956,0.0,0.0,0.0,0.0,0.33869856370824397,0.0,0.0,0.0,0.0,0.0,0.0,0.0,0.0,0.0,0.0,0.0,0.0,0.0,0.0,0.0,0.0,0.0,0.0,0.0,0.0,0.0,0.0,0.0,0.0,0.0,0.31832764179324363,0.0,0.0,0.0,0.0,0.0,0.0,0.3123799283696933,0.33869856370824397,0.0,0.0,0.0,0.0,0.0,0.0,0.374775021513553,0.3246593370187956,0.0,0.0,0.0,0.0,0.0,0.0,0.0,0.0,0.0,0.0,0.0,0.0,0.0,0.0,0.2827239908074776,0.0,0.0,0.0,0.0,0.0,0.0,0.374775021513553,0.0,0.0,0.0,0.0,0.0,0.0,0.0,0.0,0.0,0.0,0.0,0.0,0.0,0.0,0.0,0.0,0.0,0.0,0.0,0.0,0.0,0.0,0.0,0.0,0.0,0.0,0.0,0.0,0.0,0.0,0.0,0.0,0.0,0.0,0.0,0.0,0.0,0.0
69,0.0,0.0,0.0,0.0,0.0,0.0,0.0,0.0,0.0,0.0,0.0,0.2807527540235493,0.0,0.22831556911689668,0.0,0.2852160359775537,0.0,0.3312278406931494,0.0,0.0,0.3241176802547366,0.0,0.0,0.0,0.0,0.0,0.0,0.0,0.0,0.0,0.0,0.3312278406931494,0.0,0.0,0.0,0.0,0.0,0.0,0.0,0.0,0.0,0.0,0.0,0.0,0.0,0.0,0.0,0.0,0.2764879070109599,0.0,0.0,0.0,0.0,0.0,0.28989712338258455,0.0,0.0,0.0,0.0,0.0,0.0,0.0,0.0,0.0,0.0,0.0,0.0,0.0,0.0,0.0,0.0,0.0,0.0,0.0,0.0,0.0,0.3472555541675312,0.2852160359775537,0.0,0.0,0.0,0.0,0.0,0.0,0.0,0.0,0.0,0.0,0.0,0.0,0.0,0.0,0.0,0.0,0.0,0.0,0.0,0.0,0.0,0.0,0.0,0.0,0.0,0.0,0.0,0.0,0.0,0.0,0.0,0.0,0.3174982792493835,0.0,0.0
70,0.0,0.0,0.0,0.0,0.0,0.0,0.0,0.0,0.0,0.0,0.0,0.0,0.0,0.0,0.0,0.0,0.0,0.0,0.0,0.0,0.0,0.0,0.0,0.0,0.0,0.0,0.3053611386075551,0.0,0.0,0.0,0.0,0.0,0.0,0.0,0.0,0.0,0.0,0.0,0.0,0.0,0.0,0.34744453105417944,0.0,0.0,0.0,0.31931028380233556,0.0,0.0,0.0,0.0,0.0,0.0,0.0,0.3611023015837277,0.0,0.0,0.0,0.33530761785843993,0.0,0.0,0.0,0.0,0.0,0.0,0.0,0.0,0.0,0.3144597187038744,0.0,0.0,0.0,0.0,0.0,0.0,0.0,0.0,0.0,0.0,0.0,0.0,0.0,0.0,0.0,0.0,0.0,0.0,0.0,0.0,0.0,0.0,0.0,0.0,0.0,0.34120741938029125,0.0,0.0,0.0,0.0,0.324386536152485,0.0,0.0,0.0,0.0,0.0,0.0,0.0,0.0,0.0,0.34744453105417944,0.0,0.0,0.0,0.0
71,0.0,0.29369458788627884,0.30578123833832815,0.0,0.0,0.0,0.0,0.0,0.0,0.0,0.0,0.0,0.0,0.0,0.0,0.0,0.0,0.0,0.0,0.0,0.0,0.21304779703329801,0.0,0.0,0.0,0.0,0.0,0.2281687681265025,0.0,0.27813948923312554,0.0,0.0,0.0,0.0,0.0,0.0,0.0,0.0,0.0,0.0,0.0,0.0,0.0,0.0,0.0,0.0,0.0,0.0,0.0,0.30578123833832815,0.0,0.0,0.0,0.0,0.0,0.0,0.0,0.0,0.0,0.21075614494082953,0.0,0.0,0.24974864269875216,0.0,0.0,0.0,0.0,0.0,0.18030021820384612,0.0,0.0,0.2830334066226115,0.2085210826737347,0.0,0.0,0.0,0.0,0.0,0.0,0.0,0.0,0.0,0.0,0.0,0.0,0.0,0.0,0.0,0.0,0.0,0.0,0.0,0.0,0.0,0.0,0.0,0.39231778077435475,0.2281687681265025,0.0,0.0,0.0,0.0,0.0,0.0,0.0,0.0,0.0,0.0,0.0,0.2882071246143024,0.0,0.0,0.0
72,0.0,0.0,0.0,0.0,0.0,0.0,0.0,0.35751007327838635,0.0,0.31451088576400693,0.0,0.0,0.0,0.0,0.0,0.0,0.0,0.0,0.29363851693301496,0.0,0.0,0.0,0.0,0.0,0.0,0.0,0.0,0.0,0.28904343345835765,0.0,0.0,0.0,0.0,0.0,0.0,0.0,0.0,0.0,0.0,0.0,0.0,0.0,0.0,0.0,0.0,0.0,0.0,0.0,0.0,0.0,0.0,0.0,0.0,0.0,0.0,0.0,0.0,0.0,0.0,0.0,0.261756096847701,0.0,0.0,0.0,0.0,0.0,0.0,0.0,0.0,0.0,0.0,0.0,0.0,0.0,0.0,0.0,0.0,0.0,0.0,0.0,0.20794986295229947,0.0,0.0,0.0,0.0,0.0,0.0,0.0,0.0,0.0,0.0,0.0,0.0,0.0,0.0,0.0,0.0,0.0,0.0,0.0,0.2984578376929292,0.0,0.2846526447447051,0.0,0.4353911173329866,0.0,0.24039833892333293,0.27254241871592166,0.0,0.0,0.0,0.0,0.0
73,0.0,0.0,0.0,0.0,0.0,0.0,0.0,0.0,0.0,0.0,0.0,0.0,0.0,0.0,0.0,0.0,0.0,0.0,0.0,0.0,0.2944650002373869,0.0,0.23721637735166887,0.0,0.2944650002373869,0.0,0.24392473742804677,0.0,0.0,0.0,0.0,0.30092467066801437,0.26784620668073517,0.0,0.0,0.0,0.0,0.0,0.0,0.0,0.0,0.0,0.0,0.0,0.0,0.2550674178440882,0.0,0.0,0.0,0.0,0.0,0.0,0.0,0.0,0.0,0.0,0.0,0.26784620668073517,0.0,0.0,0.0,0.0,0.0,0.2884511909410822,0.0,0.0,0.0,0.25119275054550844,0.0,0.0,0.0,0.0,0.0,0.0,0.0,0.0,0.3154860504987267,0.0,0.0,0.0,0.18350610477340834,0.0,0.0,0.2550674178440882,0.0,0.0,0.0,0.0,0.0,0.0,0.0,0.0,0.0,0.0,0.0,0.0,0.0,0.0,0.25912236578957665,0.0,0.0,0.0,0.0,0.0,0.0,0.0,0.0,0.0,0.0,0.0,0.0,0.0,0.0
74,0.0,0.0,0.0,0.4250376671124893,0.0,0.0,0.0,0.0,0.0,0.0,0.0,0.0,0.0,0.0,0.0,0.0,0.0,0.0,0.0,0.0,0.0,0.0,0.0,0.0,0.0,0.26969121660786155,0.2234029821700038,0.0,0.0,0.0,0.0,0.0,0.2453119022134867,0.0,0.25903110062808216,0.0,0.0,0.0,0.0,0.0,0.0,0.0,0.0,0.0,0.0,0.23360821211329835,0.0,0.0,0.0,0.0,0.0,0.0,0.0,0.0,0.0,0.0,0.0,0.2453119022134867,0.0,0.0,0.0,0.0,0.0,0.0,0.0,0.0,0.0,0.0,0.15902017228492338,0.0,0.0,0.0,0.0,0.0,0.0,0.0,0.0,0.0,0.0,0.0,0.0,0.0,0.0,0.23360821211329835,0.2756074252435816,0.2819974173672673,0.0,0.0,0.28894373427476744,0.0,0.0,0.0,0.0,0.0,0.0,0.0,0.0,0.0,0.2373220111855776,0.0,0.0,0.2819974173672673,0.0,0.0,0.0,0.0,0.0,0.0,0.0,0.0,0.0,0.0,0.0
75,0.0,0.0,0.0,0.0,0.0,0.0,0.0,0.0,0.0,0.0,0.0,0.256525972058129,0.0,0.0,0.0,0.2606041074474062,0.0,0.0,0.0,0.0,0.0,0.0,0.0,0.0,0.0,0.0,0.0,0.0,0.0,0.0,0.0,0.0,0.0,0.0,0.0,0.0,0.0,0.34520705742403185,0.3704264479275516,0.0,0.0,0.0,0.30966232288501877,0.0,0.0,0.0,0.0,0.0,0.2526291482161376,0.0,0.0,0.0,0.0,0.0,0.0,0.0,0.3348817133885386,0.0,0.0,0.0,0.0,0.0,0.0,0.0,0.0,0.0,0.0,0.2526291482161376,0.0,0.0,0.0,0.0,0.0,0.0,0.0,0.0,0.0,0.0,0.0,0.0,0.0,0.3348817133885386,0.0,0.0,0.0,0.0,0.0,0.0,0.0,0.0,0.0,0.0,0.0,0.0,0.0,0.0,0.0,0.0,0.0,0.0,0.0,0.0,0.0,0.0,0.0,0.0,0.0,0.0,0.2791283293591882,0.0,0.2901006438725787,0.0,0.0
76,0.0,0.0,0.0,0.0,0.0,0.0,0.0,0.0,0.0,0.0,0.0,0.0,0.0,0.3399729587539648,0.0,0.0,0.0,0.0,0.0,0.0,0.0,0.3362619924843926,0.0,0.0,0.0,0.0,0.0,0.0,0.0,0.0,0.0,0.0,0.0,0.0,0.0,0.0,0.0,0.0,0.0,0.0,0.0,0.0,0.0,0.0,0.0,0.0,0.0,0.0,0.0,0.0,0.0,0.0,0.0,0.0,0.0,0.0,0.0,0.0,0.0,0.3326449848953677,0.0,0.0,0.39418842805978116,0.0,0.0,0.0,0.0,0.0,0.28457515854585563,0.0,0.0,0.0,0.3291172953265217,0.0,0.0,0.0,0.0,0.0,0.0,0.0,0.30076576695334495,0.0,0.0,0.0,0.0,0.0,0.0,0.0,0.0,0.0,0.0,0.0,0.0,0.0,0.0,0.0,0.3096055450637238,0.360128035404823,0.0,0.0,0.0,0.0,0.0,0.0,0.0,0.0,0.0,0.0,0.0,0.0,0.0,0.0,0.0
77,0.0,0.0,0.0,0.0,0.0,0.0,0.0,0.0,0.0,0.0,0.0,0.0,0.0,0.0,0.0,0.0,0.0,0.0,0.0,0.0,0.0,0.0,0.0,0.0,0.0,0.32356989319000673,0.0,0.0,0.0,0.0,0.0,0.0,0.0,0.0,0.31078010851568544,0.0,0.0,0.0,0.0,0.0,0.0,0.0,0.0,0.0,0.0,0.0,0.0,0.0,0.0,0.0,0.0,0.0,0.0,0.0,0.0,0.0,0.0,0.29432010057958063,0.0,0.22301676740607917,0.0,0.0,0.0,0.0,0.0,0.0,0.0,0.0,0.3815781678652506,0.0,0.0,0.0,0.0,0.0,0.0,0.0,0.0,0.0,0.0,0.0,0.0,0.0,0.0,0.0,0.33066803683898294,0.33833461602888776,0.0,0.0,0.3466686620838316,0.0,0.0,0.0,0.0,0.0,0.0,0.0,0.0,0.24144236033965263,0.0,0.0,0.0,0.33833461602888776,0.0,0.0,0.0,0.0,0.0,0.0,0.0,0.0,0.0,0.0,0.0
78,0.0,0.0,0.0,0.0,0.2674207119136579,0.2727398429677471,0.0,0.0,0.0,0.0,0.0,0.0,0.0,0.0,0.0,0.0,0.0,0.0,0.0,0.0,0.0,0.0,0.0,0.0,0.0,0.0,0.0,0.0,0.0,0.0,0.0,0.0,0.0,0.0,0.0,0.0,0.2674207119136579,0.0,0.0,0.2450084990958336,0.0,0.0,0.0,0.2624241563238756,0.0,0.0,0.0,0.0,0.0,0.0,0.2727398429677471,0.0,0.0,0.0,0.0,0.0,0.0,0.0,0.2375107938188824,0.0,0.0,0.0,0.0,0.0,0.0,0.0,0.0,0.0,0.0,0.0,0.0,0.0,0.0,0.0,0.0,0.0,0.0,0.0,0.2845339176979837,0.0,0.0,0.0,0.0,0.0,0.0,0.0,0.0,0.0,0.0,0.0,0.0,0.0,0.0,0.0,0.0,0.2845339176979837,0.0,0.0,0.0,0.2674207119136579,0.0,0.0,0.0,0.2450084990958336,0.0,0.2784260923389523,0.0,0.0,0.0,0.0,0.0,0.2784260923389523,0.2727398429677471
79,0.0,0.0,0.0,0.0,0.0,0.0,0.0,0.0,0.0,0.0,0.0,0.0,0.0,0.0,0.0,0.0,0.0,0.0,0.0,0.0,0.0,0.3767896452548691,0.0,0.0,0.0,0.0,0.0,0.0,0.0,0.0,0.0,0.0,0.0,0.0,0.0,0.0,0.0,0.0,0.0,0.0,0.0,0.0,0.0,0.0,0.0,0.0,0.0,0.0,0.0,0.0,0.0,0.0,0.0,0.0,0.0,0.0,0.0,0.0,0.0,0.3727367013099297,0.0,0.0,0.0,0.0,0.0,0.0,0.0,0.0,0.31887330543852005,0.0,0.0,0.0,0.36878384035352385,0.0,0.0,0.0,0.0,0.0,0.0,0.0,0.0,0.0,0.0,0.0,0.0,0.0,0.0,0.0,0.0,0.0,0.0,0.0,0.0,0.0,0.0,0.0,0.6938409103664335,0.0,0.0,0.0,0.0,0.0,0.0,0.0,0.0,0.0,0.0,0.0,0.0,0.0,0.0,0.0,0.0
80,0.0,0.0,0.0,0.0,0.0,0.0,0.0,0.0,0.0,0.0,0.0,0.0,0.0,0.36812398433385224,0.0,0.0,0.0,0.0,0.0,0.0,0.0,0.0,0.0,0.4457945217782774,0.0,0.0,0.0,0.0,0.0,0.0,0.0,0.0,0.0,0.0,0.0,0.0,0.0,0.0,0.0,0.0,0.0,0.0,0.0,0.0,0.0,0.0,0.0,0.0,0.0,0.0,0.0,0.0,0.0,0.0,0.4674148351743816,0.0,0.0,0.0,0.0,0.36018922698194966,0.0,0.0,0.0,0.0,0.0,0.0,0.0,0.0,0.0,0.0,0.0,0.0,0.0,0.0,0.0,0.0,0.0,0.4598672966809699,0.0,0.0,0.32567029121342134,0.0,0.0,0.0,0.0,0.0,0.0,0.0,0.0,0.0,0.0,0.0,0.0,0.0,0.0,0.0,0.0,0.0,0.0,0.0,0.0,0.0,0.0,0.0,0.0,0.0,0.0,0.0,0.0,0.0,0.0,0.0,0.0
81,0.0,0.0,0.0,0.0,0.0,0.0,0.0,0.0,0.0,0.0,0.0,0.0,0.0,0.0,0.0,0.0,0.0,0.0,0.0,0.0,0.0,0.0,0.0,0.0,0.0,0.0,0.0,0.0,0.0,0.0,0.0,0.0,0.0,0.0,0.0,0.0,0.0,0.0,0.0,0.0,0.0,0.0,0.0,0.0,0.0,0.0,0.23806869621708165,0.27967406061269096,0.0,0.0,0.0,0.0,0.0,0.0,0.0,0.0,0.0,0.0,0.0,0.22253600936261334,0.0,0.0,0.0,0.0,0.0,0.0,0.47009984007829775,0.0,0.19037779922173595,0.0,0.0,0.0,0.0,0.0,0.0,0.0,0.0,0.0,0.0,0.0,0.20120914659734349,0.0,0.5088520185114169,0.0,0.0,0.0,0.0,0.5088520185114169,0.0,0.0,0.0,0.0,0.0,0.0,0.0,0.0,0.0,0.0,0.0,0.0,0.0,0.0,0.0,0.0,0.0,0.0,0.0,0.0,0.0,0.0,0.0,0.0,0.0
82,0.4181311931224782,0.0,0.0,0.0,0.0,0.0,0.0,0.0,0.0,0.0,0.0,0.0,0.0,0.0,0.0,0.0,0.0,0.0,0.0,0.0,0.0,0.0,0.0,0.0,0.0,0.0,0.0,0.0,0.0,0.0,0.0,0.0,0.0,0.4525993916260907,0.0,0.0,0.0,0.0,0.0,0.0,0.0,0.0,0.0,0.0,0.0,0.0,0.0,0.24875662291209386,0.0,0.0,0.0,0.0,0.0,0.0,0.0,0.4181311931224782,0.0,0.0,0.0,0.0,0.0,0.0,0.0,0.0,0.0,0.0,0.0,0.0,0.0,0.0,0.0,0.0,0.0,0.0,0.0,0.4181311931224782,0.0,0.0,0.0,0.0,0.0,0.0,0.0,0.0,0.0,0.0,0.0,0.0,0.0,0.0,0.4181311931224782,0.0,0.0,0.0,0.0,0.0,0.1842258250326321,0.0,0.0,0.0,0.0,0.0,0.0,0.0,0.0,0.0,0.0,0.0,0.0,0.0,0.0,0.0,0.0
83,0.0,0.0,0.0,0.0,0.3498842709375963,0.0,0.0,0.0,0.0,0.0,0.0,0.0,0.0,0.0,0.0,0.0,0.0,0.0,0.0,0.0,0.0,0.2538081265859751,0.0,0.0,0.0,0.0,0.0,0.0,0.0,0.0,0.0,0.0,0.0,0.0,0.0,0.3205608850048173,0.0,0.0,0.0,0.3205608850048173,0.0,0.0,0.0,0.0,0.0,0.0,0.2686029137251669,0.0,0.0,0.0,0.0,0.0,0.0,0.0,0.0,0.0,0.0,0.0,0.0,0.25107803534600165,0.0,0.0,0.0,0.0,0.0,0.0,0.0,0.0,0.21479527712839228,0.0,0.0,0.33718339122231816,0.24841536070343928,0.0,0.0,0.0,0.0,0.0,0.0,0.0,0.0,0.0,0.0,0.0,0.0,0.0,0.0,0.0,0.0,0.0,0.0,0.0,0.0,0.0,0.0,0.0,0.2336880323365737,0.27182204364481755,0.0,0.3498842709375963,0.0,0.0,0.0,0.0,0.0,0.0,0.0,0.0,0.0,0.0,0.0,0.0,0.0
84,0.0,0.0,0.0,0.0,0.0,0.0,0.0,0.0,0.0,0.0,0.0,0.0,0.0,0.0,0.0,0.0,0.0,0.0,0.0,0.0,0.0,0.0,0.0,0.0,0.0,0.312637220611495,0.25897798341539835,0.0,0.0,0.0,0.0,0.0,0.0,0.0,0.3002795729534316,0.0,0.0,0.0,0.0,0.0,0.0,0.0,0.0,0.0,0.0,0.27080830835257247,0.23052184658459818,0.0,0.0,0.0,0.0,0.0,0.0,0.0,0.0,0.0,0.0,0.2843757103237737,0.0,0.0,0.0,0.0,0.0,0.0,0.0,0.0,0.0,0.0,0.18434276543980824,0.0,0.0,0.0,0.0,0.0,0.0,0.0,0.0,0.0,0.0,0.0,0.0,0.0,0.0,0.0,0.31949553452951435,0.3269030778763309,0.0,0.0,0.33495553593841587,0.0,0.0,0.0,0.0,0.0,0.0,0.0,0.0,0.0,0.27511349794855094,0.0,0.0,0.3269030778763309,0.0,0.0,0.0,0.0,0.0,0.0,0.0,0.0,0.0,0.0,0.0
85,0.0,0.294358039182772,0.3064719931815784,0.0,0.0,0.0,0.32045652676285413,0.0,0.0,0.0,0.0,0.0,0.0,0.0,0.0,0.0,0.0,0.0,0.0,0.27876780181479666,0.0,0.0,0.0,0.0,0.0,0.0,0.0,0.0,0.0,0.27876780181479666,0.0,0.0,0.0,0.0,0.0,0.0,0.0,0.0,0.0,0.0,0.26968824090278015,0.0,0.0,0.0,0.0,0.0,0.22597593996164847,0.26546794994086775,0.0,0.3064719931815784,0.0,0.0,0.0,0.0,0.0,0.0,0.0,0.0,0.0,0.0,0.0,0.0,0.0,0.0,0.0,0.26968824090278015,0.0,0.0,0.0,0.0,0.0,0.28367277448405587,0.0,0.0,0.0,0.0,0.0,0.0,0.0,0.0,0.19098867996385244,0.0,0.0,0.0,0.0,0.0,0.0,0.0,0.0,0.0,0.0,0.0,0.0,0.0,0.0,0.0,0.0,0.0,0.0,0.0,0.0,0.0,0.0,0.0,0.0,0.0,0.0,0.0,0.0,0.2888581798205289,0.0,0.0,0.0
86,0.0,0.0,0.0,0.0,0.0,0.0,0.0,0.0,0.0,0.0,0.0,0.0,0.0,0.26386802566753,0.0,0.0,0.0,0.0,0.32962882291914036,0.0,0.0,0.0,0.0,0.31954158196971777,0.0,0.0,0.0,0.0,0.0,0.0,0.0,0.0,0.0,0.0,0.0,0.0,0.0,0.0,0.0,0.0,0.0,0.0,0.0,0.0,0.0,0.0,0.0,0.0,0.0,0.0,0.0,0.0,0.0,0.0,0.3350388319532165,0.0,0.0,0.0,0.0,0.2581804615703788,0.0,0.0,0.0,0.0,0.0,0.0,0.0,0.0,0.2208713466939627,0.0,0.0,0.0,0.25544246592181025,0.0,0.0,0.0,0.0,0.0,0.0,0.0,0.4668751856337693,0.0,0.0,0.0,0.0,0.0,0.0,0.0,0.0,0.0,0.0,0.0,0.0,0.0,0.0,0.0,0.24029853495144057,0.27951127065540116,0.0,0.0,0.0,0.0,0.0,0.0,0.0,0.0,0.26986317162571555,0.0,0.0,0.0,0.0,0.0,0.0
87,0.0,0.0,0.0,0.0,0.0,0.0,0.0,0.0,0.0,0.0,0.0,0.0,0.0,0.0,0.0,0.0,0.0,0.0,0.0,0.0,0.0,0.0,0.0,0.0,0.0,0.0,0.0,0.0,0.0,0.0,0.0,0.0,0.0,0.0,0.0,0.0,0.0,0.0,0.0,0.0,0.38567942533922095,0.0,0.0,0.0,0.0,0.0,0.32316674384151994,0.0,0.0,0.0,0.0,0.0,0.0,0.0,0.0,0.0,0.0,0.0,0.0,0.3020818724845089,0.0,0.0,0.0,0.0,0.0,0.0,0.6381378022921365,0.0,0.25842865715576036,0.0,0.0,0.0,0.0,0.0,0.0,0.0,0.0,0.0,0.0,0.0,0.27313168749285144,0.0,0.0,0.0,0.0,0.0,0.0,0.0,0.0,0.0,0.0,0.0,0.0,0.0,0.0,0.0,0.0,0.32703980582624864,0.0,0.0,0.0,0.0,0.0,0.0,0.0,0.0,0.0,0.0,0.0,0.0,0.0,0.0,0.0
88,0.0,0.0,0.0,0.0,0.0,0.0,0.0,0.0,0.0,0.0,0.0,0.0,0.0,0.0,0.0,0.0,0.0,0.0,0.0,0.0,0.0,0.0,0.0,0.0,0.0,0.0,0.28199293601013437,0.0,0.0,0.0,0.0,0.0,0.0,0.0,0.32696493070295796,0.0,0.0,0.0,0.0,0.0,0.0,0.3208558360091479,0.0,0.0,0.0,0.2948746027023822,0.0,0.0,0.0,0.0,0.0,0.0,0.0,0.3334684259036654,0.0,0.0,0.0,0.30964771764224175,0.0,0.0,0.0,0.0,0.0,0.0,0.0,0.0,0.0,0.29039523411062024,0.20072500748149785,0.0,0.0,0.0,0.0,0.0,0.0,0.0,0.0,0.0,0.0,0.0,0.0,0.0,0.0,0.0,0.0,0.0,0.0,0.0,0.0,0.0,0.0,0.0,0.0,0.315096028323196,0.0,0.0,0.0,0.0,0.2995623875026173,0.0,0.0,0.0,0.0,0.0,0.0,0.0,0.0,0.0,0.3208558360091479,0.0,0.0,0.0,0.0
89,0.0,0.0,0.0,0.0,0.0,0.0,0.0,0.0,0.0,0.0,0.0,0.0,0.0,0.0,0.3560944634502245,0.0,0.0,0.0,0.0,0.0,0.0,0.2315714181239112,0.26775015402777513,0.0,0.0,0.0,0.0,0.0,0.0,0.0,0.3475338175572103,0.0,0.0,0.0,0.0,0.0,0.0,0.3874256493219279,0.0,0.0,0.0,0.0,0.0,0.0,0.0,0.0,0.0,0.0,0.0,0.0,0.0,0.0,0.0,0.0,0.0,0.0,0.0,0.0,0.0,0.22908051640002897,0.0,0.30232256261212814,0.0,0.0,0.0,0.0,0.0,0.0,0.19597657332729726,0.0,0.0,0.0,0.22665112475179944,0.0,0.0,0.0,0.0,0.0,0.0,0.0,0.0,0.0,0.0,0.0,0.0,0.0,0.0,0.0,0.0,0.0,0.0,0.0,0.0,0.0,0.0,0.0,0.42642818238080077,0.24800709485102965,0.0,0.0,0.0,0.0,0.0,0.0,0.0,0.0,0.0,0.0,0.0,0.0,0.0,0.0,0.0
90,0.0,0.0,0.0,0.0,0.0,0.0,0.0,0.0,0.0,0.0,0.0,0.2833340204220662,0.0,0.0,0.0,0.2878383381969836,0.0,0.0,0.0,0.0,0.0,0.22789963715098582,0.0,0.0,0.0,0.0,0.0,0.24407471088325847,0.0,0.0,0.0,0.0,0.0,0.0,0.0,0.0,0.0,0.0,0.0,0.0,0.0,0.30829841959671966,0.0,0.0,0.0,0.0,0.0,0.0,0.2790299620174934,0.0,0.0,0.0,0.0,0.32041738735453357,0.0,0.0,0.0,0.0,0.0,0.0,0.0,0.0,0.0,0.0,0.0,0.0,0.0,0.0,0.1928691818412839,0.0,0.0,0.0,0.2230573596226742,0.0,0.0,0.0,0.0,0.0,0.0,0.0,0.0,0.0,0.0,0.0,0.0,0.0,0.0,0.0,0.0,0.0,0.0,0.0,0.0,0.3027640349682618,0.0,0.0,0.4196667655398539,0.0,0.0,0.0,0.0,0.0,0.0,0.0,0.0,0.0,0.0,0.0,0.30829841959671966,0.0,0.0,0.0,0.0
91,0.0,0.0,0.0,0.0,0.0,0.0,0.0,0.0,0.0,0.0,0.0,0.0,0.0,0.0,0.0,0.0,0.0,0.0,0.0,0.0,0.0,0.24989306709395834,0.0,0.0,0.0,0.0,0.0,0.2676291145750284,0.0,0.0,0.0,0.0,0.0,0.0,0.0,0.0,0.0,0.0,0.0,0.0,0.0,0.0,0.0,0.0,0.0,0.0,0.26445964061130595,0.0,0.0,0.0,0.0,0.0,0.0,0.0,0.0,0.0,0.0,0.0,0.0,0.0,0.0,0.0,0.0,0.0,0.0,0.0,0.0,0.0,0.2114820014666808,0.0,0.0,0.3319822455611756,0.24458348609419453,0.0,0.0,0.0,0.0,0.0,0.0,0.0,0.22351405053405354,0.0,0.0,0.0,0.0,0.0,0.5652604650598803,0.0,0.0,0.0,0.0,0.0,0.0,0.0,0.0,0.0,0.46016666155846725,0.0,0.0,0.0,0.0,0.0,0.0,0.0,0.0,0.0,0.0,0.0,0.0,0.0,0.0,0.0,0.0
92,0.0,0.0,0.0,0.0,0.0,0.0,0.0,0.0,0.0,0.3538383641918033,0.0,0.32518637765698627,0.0,0.2644501677001868,0.0,0.3303560455241187,0.0,0.0,0.0,0.0,0.0,0.0,0.0,0.0,0.0,0.0,0.0,0.0,0.0,0.0,0.0,0.0,0.0,0.0,0.0,0.0,0.0,0.0,0.0,0.0,0.0,0.0,0.0,0.0,0.0,0.0,0.0,0.0,0.3202465502415485,0.0,0.0,0.0,0.0,0.0,0.0,0.0,0.0,0.0,0.0,0.25875005577684107,0.0,0.0,0.30662202161002444,0.0,0.0,0.0,0.0,0.0,0.0,0.0,0.0,0.0,0.0,0.0,0.0,0.0,0.0,0.0,0.0,0.0,0.0,0.0,0.0,0.0,0.0,0.0,0.0,0.0,0.0,0.0,0.0,0.0,0.0,0.0,0.0,0.0,0.0,0.28012792460139624,0.0,0.0,0.33577799004620174,0.0,0.0,0.0,0.0,0.0,0.0,0.0,0.0,0.0,0.36774747125997237,0.0,0.0
93,0.0,0.0,0.0,0.0,0.3606896750295082,0.0,0.0,0.0,0.0,0.0,0.0,0.0,0.0,0.2645339444495103,0.0,0.0,0.0,0.0,0.0,0.0,0.0,0.0,0.0,0.0,0.0,0.0,0.0,0.0,0.0,0.0,0.0,0.0,0.0,0.0,0.0,0.33046070099041713,0.0,0.0,0.0,0.33046070099041713,0.0,0.0,0.0,0.0,0.0,0.0,0.0,0.0,0.0,0.0,0.0,0.0,0.0,0.0,0.0,0.0,0.0,0.0,0.32034800306040895,0.2588320267536371,0.0,0.0,0.30671915823302176,0.0,0.0,0.0,0.0,0.0,0.0,0.0,0.0,0.0,0.0,0.0,0.0,0.0,0.0,0.0,0.0,0.0,0.0,0.0,0.0,0.0,0.0,0.0,0.0,0.0,0.0,0.0,0.0,0.0,0.0,0.0,0.0,0.0,0.0,0.2802166680010391,0.0,0.3606896750295082,0.0,0.0,0.0,0.33046070099041713,0.0,0.0,0.0,0.0,0.0,0.0,0.0,0.0,0.0
94,0.0,0.0,0.0,0.0,0.0,0.0,0.0,0.0,0.0,0.0,0.0,0.0,0.0,0.36812398433385224,0.0,0.0,0.0,0.0,0.0,0.0,0.0,0.0,0.0,0.4457945217782774,0.0,0.0,0.0,0.0,0.0,0.0,0.0,0.0,0.0,0.0,0.0,0.0,0.0,0.0,0.0,0.0,0.0,0.0,0.0,0.0,0.0,0.0,0.0,0.0,0.0,0.0,0.0,0.0,0.0,0.0,0.4674148351743816,0.0,0.0,0.0,0.0,0.36018922698194966,0.0,0.0,0.0,0.0,0.0,0.0,0.0,0.0,0.0,0.0,0.0,0.0,0.0,0.0,0.0,0.0,0.0,0.4598672966809699,0.0,0.0,0.32567029121342134,0.0,0.0,0.0,0.0,0.0,0.0,0.0,0.0,0.0,0.0,0.0,0.0,0.0,0.0,0.0,0.0,0.0,0.0,0.0,0.0,0.0,0.0,0.0,0.0,0.0,0.0,0.0,0.0,0.0,0.0,0.0,0.0
95,0.0,0.0,0.0,0.0,0.0,0.0,0.0,0.0,0.0,0.0,0.0,0.0,0.0,0.0,0.0,0.0,0.0,0.0,0.0,0.0,0.0,0.0,0.27419936606392925,0.0,0.3403732798490872,0.0,0.2819535864967979,0.0,0.0,0.0,0.0,0.0,0.3096045091591947,0.0,0.0,0.0,0.0,0.0,0.0,0.0,0.0,0.0,0.0,0.0,0.0,0.2948334556712693,0.2509729226910318,0.0,0.0,0.0,0.0,0.0,0.0,0.0,0.0,0.0,0.0,0.3096045091591947,0.0,0.23459830528414743,0.0,0.0,0.0,0.3334218934604841,0.0,0.0,0.0,0.0,0.0,0.0,0.0,0.0,0.0,0.0,0.0,0.0,0.0,0.0,0.0,0.0,0.212115445651272,0.0,0.0,0.2948334556712693,0.0,0.0,0.0,0.0,0.0,0.0,0.0,0.0,0.0,0.0,0.0,0.0,0.0,0.0,0.299520586334372,0.0,0.0,0.0,0.0,0.0,0.0,0.0,0.0,0.0,0.0,0.0,0.0,0.0,0.0
96,0.0,0.0,0.0,0.0,0.0,0.0,0.0,0.0,0.0,0.0,0.0,0.0,0.0,0.0,0.0,0.0,0.0,0.0,0.0,0.0,0.0,0.2920646407858904,0.0,0.0,0.0,0.0,0.0,0.31279379664747564,0.0,0.0,0.0,0.0,0.0,0.0,0.0,0.0,0.0,0.0,0.0,0.0,0.0,0.0,0.0,0.0,0.0,0.0,0.0,0.0,0.0,0.0,0.0,0.0,0.0,0.0,0.0,0.0,0.0,0.0,0.0,0.0,0.32882722753541194,0.0,0.0,0.0,0.0,0.0,0.0,0.0,0.2471713821809369,0.0,0.0,0.0,0.28585902297722776,0.0,0.0,0.0,0.0,0.0,0.0,0.0,0.2612339415374121,0.0,0.0,0.0,0.0,0.0,0.0,0.0,0.0,0.0,0.0,0.0,0.0,0.0,0.0,0.0,0.5378236870380367,0.0,0.0,0.0,0.0,0.0,0.0,0.0,0.0,0.0,0.30199685984113556,0.3423773849450988,0.0,0.0,0.0,0.0,0.0
97,0.0,0.0,0.0,0.0,0.0,0.0,0.0,0.0,0.0,0.0,0.0,0.0,0.0,0.0,0.0,0.0,0.0,0.0,0.0,0.0,0.0,0.0,0.0,0.0,0.0,0.34116460318597347,0.2826090916910147,0.0,0.0,0.0,0.0,0.0,0.0,0.0,0.3276793503701727,0.0,0.0,0.0,0.0,0.0,0.0,0.0,0.0,0.0,0.0,0.29551890487595106,0.0,0.0,0.0,0.0,0.0,0.0,0.0,0.0,0.0,0.0,0.0,0.31032429913040366,0.0,0.0,0.2676202471009615,0.0,0.0,0.0,0.0,0.0,0.0,0.0,0.2011635924170085,0.0,0.0,0.0,0.0,0.0,0.0,0.0,0.0,0.0,0.0,0.0,0.2126085863065323,0.0,0.0,0.0,0.0,0.35673218507320353,0.0,0.0,0.0,0.0,0.0,0.0,0.0,0.0,0.0,0.0,0.0,0.0,0.3002169325045218,0.0,0.0,0.0,0.0,0.0,0.0,0.0,0.2457840090072695,0.2786482161089318,0.0,0.0,0.0,0.0,0.0
98,0.0,0.0,0.0,0.0,0.0,0.0,0.0,0.0,0.0,0.3432894742733365,0.0,0.0,0.0,0.0,0.0,0.0,0.0,0.0,0.32050722778471463,0.0,0.0,0.25376564280473696,0.0,0.0,0.0,0.0,0.0,0.2717765445964094,0.0,0.0,0.0,0.0,0.0,0.0,0.0,0.0,0.0,0.0,0.0,0.0,0.0,0.0,0.0,0.0,0.0,0.0,0.0,0.0,0.0,0.0,0.0,0.0,0.0,0.0,0.0,0.0,0.0,0.0,0.0,0.0,0.0,0.0,0.0,0.0,0.0,0.0,0.0,0.0,0.21475932352955657,0.0,0.0,0.0,0.24837377959261245,0.0,0.0,0.0,0.0,0.0,0.0,0.0,0.22697783243557573,0.0,0.0,0.0,0.0,0.0,0.0,0.0,0.0,0.0,0.0,0.0,0.0,0.0,0.0,0.0,0.4672978327317411,0.0,0.0,0.0,0.3257675293033938,0.0,0.0,0.0,0.0,0.0,0.26239543087579437,0.29748078007187234,0.0,0.0,0.0,0.0,0.0
99,0.0,0.0,0.0,0.0,0.0,0.0,0.0,0.0,0.0,0.0,0.0,0.0,0.0,0.2723935968325058,0.0,0.0,0.0,0.0,0.0,0.0,0.0,0.26942029138610285,0.0,0.3298659647378078,0.0,0.0,0.0,0.28854227478466987,0.0,0.0,0.0,0.0,0.0,0.0,0.0,0.0,0.0,0.0,0.0,0.0,0.0,0.0,0.0,0.0,0.0,0.0,0.0,0.0,0.0,0.0,0.0,0.0,0.0,0.0,0.3458639305896331,0.0,0.0,0.0,0.0,0.0,0.0,0.0,0.0,0.0,0.0,0.0,0.0,0.0,0.22800769593438203,0.0,0.0,0.0,0.2636958074028933,0.0,0.0,0.0,0.0,0.34027912426093787,0.0,0.0,0.24097995724359475,0.0,0.0,0.0,0.0,0.0,0.0,0.0,0.0,0.0,0.0,0.0,0.0,0.0,0.0,0.0,0.49612515259031714,0.0,0.0,0.0,0.0,0.0,0.0,0.0,0.0,0.0,0.0,0.0,0.0,0.0,0.0,0.0,0.0
100,0.0,0.0,0.0,0.0,0.0,0.0,0.0,0.0,0.0,0.0,0.0,0.0,0.0,0.0,0.0,0.0,0.0,0.0,0.3460836688702669,0.0,0.0,0.2740161128412264,0.0,0.0,0.0,0.0,0.0,0.2934642825901812,0.0,0.0,0.0,0.0,0.0,0.0,0.0,0.0,0.0,0.0,0.0,0.0,0.0,0.0,0.0,0.0,0.0,0.0,0.0,0.0,0.0,0.0,0.0,0.0,0.0,0.0,0.0,0.0,0.0,0.0,0.0,0.0,0.30850690601627934,0.0,0.0,0.0,0.0,0.0,0.0,0.0,0.23189709363162828,0.0,0.0,0.0,0.26819397954521196,0.0,0.0,0.0,0.0,0.0,0.0,0.0,0.24509063818769528,0.0,0.0,0.0,0.0,0.0,0.0,0.0,0.0,0.0,0.0,0.0,0.0,0.0,0.0,0.0,0.5045881477454721,0.0,0.0,0.0,0.0,0.0,0.0,0.0,0.0,0.0,0.28333455703934146,0.3212197131941638,0.0,0.0,0.0,0.0,0.0
101,0.0,0.0,0.0,0.0,0.0,0.0,0.0,0.0,0.0,0.0,0.0,0.0,0.0,0.0,0.0,0.0,0.0,0.0,0.0,0.0,0.0,0.20880556750803983,0.0,0.0,0.0,0.0,0.0,0.0,0.0,0.0,0.0,0.0,0.0,0.0,0.0,0.0,0.0,0.0,0.0,0.2637224363721734,0.0,0.0,0.0,0.0,0.0,0.0,0.0,0.0,0.0,0.0,0.2935719215809089,0.0,0.0,0.0,0.0,0.0,0.0,0.0,0.2556520506094956,0.20655954702642895,0.0,0.0,0.2447756221808061,0.0,0.0,0.0,0.0,0.0,0.17671006181769347,0.0,0.47232015505379504,0.0,0.0,0.0,0.0,0.0,0.0,0.0,0.0,0.0,0.0,0.0,0.0,0.0,0.0,0.0,0.0,0.0,0.0,0.0,0.0,0.0,0.0,0.0,0.0,0.0,0.0,0.22362544827824915,0.0,0.2878465112129257,0.0,0.0,0.0,0.2637224363721734,0.0,0.2996924910449397,0.0,0.0,0.0,0.0,0.0,0.0,0.2935719215809089
102,0.0,0.0,0.0,0.0,0.0,0.0,0.0,0.0,0.0,0.0,0.0,0.0,0.0,0.0,0.0,0.0,0.0,0.0,0.0,0.0,0.0,0.2789329729670117,0.0,0.0,0.0,0.0,0.0,0.29873011464088955,0.0,0.0,0.0,0.0,0.0,0.0,0.0,0.0,0.0,0.0,0.0,0.0,0.3522936868652295,0.0,0.0,0.0,0.0,0.0,0.29519231823171493,0.0,0.0,0.0,0.0,0.0,0.0,0.0,0.0,0.0,0.0,0.0,0.0,0.2759326259084669,0.0,0.0,0.0,0.0,0.0,0.0,0.0,0.0,0.23605818314253424,0.0,0.0,0.0,0.27300636911722814,0.0,0.0,0.0,0.0,0.0,0.0,0.0,0.2494884685693218,0.0,0.0,0.0,0.0,0.0,0.0,0.0,0.0,0.0,0.0,0.0,0.0,0.0,0.0,0.0,0.5136423209394081,0.29873011464088955,0.0,0.0,0.0,0.0,0.0,0.0,0.0,0.0,0.0,0.0,0.0,0.0,0.0,0.0,0.0
103,0.0,0.0,0.0,0.0,0.0,0.0,0.0,0.0,0.0,0.0,0.0,0.0,0.0,0.0,0.0,0.0,0.0,0.0,0.0,0.0,0.0,0.32174311159083596,0.0,0.0,0.0,0.0,0.0,0.3445786835026277,0.0,0.0,0.0,0.0,0.0,0.0,0.0,0.0,0.0,0.0,0.0,0.0,0.0,0.0,0.0,0.0,0.0,0.0,0.0,0.0,0.0,0.0,0.0,0.0,0.0,0.0,0.4130325026464782,0.0,0.0,0.0,0.0,0.0,0.0,0.0,0.0,0.0,0.0,0.0,0.0,0.0,0.2722879749671642,0.0,0.0,0.0,0.31490690307983604,0.0,0.0,0.0,0.0,0.0,0.0,0.0,0.28777951681251907,0.0,0.0,0.0,0.0,0.0,0.0,0.0,0.0,0.0,0.0,0.0,0.0,0.0,0.0,0.0,0.5924752345551083,0.0,0.0,0.0,0.0,0.0,0.0,0.0,0.0,0.0,0.0,0.0,0.0,0.0,0.0,0.0,0.0
104,0.0,0.3559681918082805,0.370617638151162,0.0,0.0,0.0,0.0,0.0,0.0,0.0,0.0,0.0,0.0,0.0,0.0,0.0,0.0,0.0,0.0,0.0,0.0,0.25822143889163485,0.0,0.0,0.0,0.0,0.0,0.2765485887964791,0.0,0.0,0.0,0.0,0.0,0.0,0.0,0.0,0.0,0.0,0.0,0.0,0.0,0.0,0.0,0.0,0.0,0.0,0.0,0.0,0.0,0.370617638151162,0.0,0.0,0.0,0.0,0.0,0.0,0.0,0.0,0.0,0.0,0.0,0.0,0.0,0.0,0.0,0.0,0.0,0.0,0.2185302191592071,0.0,0.0,0.34304646436249775,0.2527349015434211,0.0,0.0,0.0,0.0,0.0,0.0,0.0,0.0,0.0,0.0,0.0,0.0,0.0,0.0,0.0,0.0,0.0,0.0,0.0,0.0,0.0,0.0,0.0,0.47550297757124216,0.0,0.0,0.0,0.0,0.0,0.0,0.0,0.0,0.0,0.0,0.0,0.0,0.0,0.0,0.0,0.0
105,0.0,0.0,0.0,0.0,0.0,0.0,0.0,0.0,0.0,0.0,0.0,0.0,0.0,0.0,0.0,0.0,0.0,0.0,0.0,0.3337563620085224,0.0,0.2556489115149173,0.0,0.0,0.0,0.0,0.0,0.27379347745202526,0.0,0.0,0.0,0.0,0.0,0.0,0.0,0.0,0.0,0.0,0.0,0.0,0.3228858052264925,0.0,0.0,0.0,0.0,0.0,0.0,0.31783303747894204,0.0,0.0,0.0,0.0,0.0,0.0,0.0,0.0,0.0,0.0,0.0,0.0,0.0,0.0,0.0,0.0,0.0,0.0,0.0,0.0,0.2163531149890802,0.0,0.0,0.0,0.2502170337162446,0.0,0.0,0.0,0.0,0.0,0.0,0.0,0.22866230100667934,0.0,0.0,0.0,0.0,0.0,0.0,0.0,0.0,0.0,0.0,0.0,0.0,0.0,0.0,0.0,0.4707657859857438,0.0,0.0,0.0,0.0,0.0,0.0,0.0,0.0,0.0,0.2643427437555088,0.2996884715418342,0.0,0.0,0.0,0.0,0.0
106,0.0,0.0,0.0,0.0,0.0,0.0,0.0,0.0,0.0,0.0,0.0,0.24622428578940458,0.0,0.0,0.0,0.2501386495691069,0.0,0.0,0.0,0.0,0.0,0.0,0.2289921369991173,0.0,0.0,0.0,0.0,0.0,0.0,0.0,0.0,0.0,0.0,0.0,0.0,0.0,0.0,0.0,0.0,0.0,0.0,0.2679189673803553,0.297226762953165,0.0,0.0,0.0,0.20959503561556148,0.0,0.2424839523656839,0.0,0.0,0.0,0.0,0.27845065071378444,0.0,0.0,0.321433381740935,0.0,0.0,0.0,0.0,0.0,0.0,0.0,0.0,0.0,0.0,0.2424839523656839,0.0,0.0,0.0,0.0,0.0,0.0,0.0,0.0,0.0,0.0,0.0,0.0,0.0,0.321433381740935,0.0,0.0,0.0,0.0,0.0,0.0,0.0,0.0,0.0,0.0,0.0,0.2631094499761412,0.0,0.0,0.0,0.0,0.0,0.0,0.0,0.0,0.0,0.0,0.0,0.0,0.0,0.0,0.2679189673803553,0.0,0.27845065071378444,0.0,0.0
107,0.0,0.0,0.0,0.0,0.0,0.0,0.0,0.0,0.0,0.0,0.0,0.0,0.0,0.0,0.3364246258404784,0.0,0.0,0.0,0.0,0.0,0.0,0.21877994659856786,0.25296025249804516,0.0,0.0,0.0,0.0,0.23430775441613813,0.0,0.0,0.3283368503002313,0.0,0.0,0.0,0.0,0.0,0.0,0.3660251492013244,0.3927654228234785,0.0,0.0,0.0,0.0,0.0,0.0,0.0,0.0,0.0,0.0,0.0,0.0,0.0,0.0,0.0,0.0,0.0,0.0,0.0,0.0,0.0,0.0,0.28562296089766875,0.0,0.0,0.0,0.0,0.0,0.0,0.18515127900704093,0.0,0.0,0.0,0.21413143889446123,0.0,0.0,0.0,0.0,0.0,0.0,0.0,0.0,0.0,0.0,0.0,0.0,0.0,0.0,0.0,0.0,0.0,0.0,0.0,0.0,0.0,0.0,0.0,0.4028732722078657,0.0,0.0,0.0,0.0,0.0,0.0,0.0,0.0,0.0,0.0,0.0,0.0,0.0,0.0,0.0,0.0
108,0.0,0.0,0.0,0.0,0.0,0.0,0.0,0.0,0.0,0.0,0.0,0.0,0.0,0.0,0.0,0.0,0.0,0.0,0.0,0.34983582522027523,0.0,0.2679653726696677,0.0,0.0,0.0,0.0,0.0,0.28698409386998375,0.0,0.0,0.0,0.0,0.0,0.0,0.0,0.0,0.0,0.0,0.0,0.0,0.3384415549221463,0.0,0.0,0.0,0.0,0.0,0.0,0.3331453587268942,0.0,0.0,0.0,0.0,0.0,0.0,0.0,0.0,0.0,0.0,0.0,0.0,0.0,0.0,0.0,0.0,0.0,0.0,0.0,0.0,0.2267764127871495,0.0,0.0,0.0,0.26227180194412797,0.0,0.0,0.0,0.0,0.0,0.0,0.0,0.2396786215191188,0.0,0.0,0.0,0.0,0.0,0.0,0.0,0.0,0.0,0.0,0.0,0.0,0.0,0.0,0.0,0.4934459862718327,0.0,0.0,0.0,0.0,0.0,0.0,0.0,0.0,0.0,0.27707804982707357,0.0,0.0,0.0,0.0,0.0,0.0
109,0.41851458100175465,0.0,0.0,0.0,0.0,0.0,0.0,0.0,0.0,0.0,0.0,0.24898470987542715,0.0,0.0,0.0,0.2529429576449817,0.0,0.0,0.0,0.0,0.0,0.0,0.0,0.0,0.0,0.0,0.0,0.0,0.0,0.0,0.0,0.0,0.0,0.0,0.0,0.0,0.0,0.0,0.0,0.0,0.0,0.0,0.0,0.0,0.0,0.0,0.0,0.0,0.2452024435187324,0.0,0.0,0.0,0.0,0.2815723650505108,0.0,0.41851458100175465,0.0,0.0,0.0,0.0,0.0,0.0,0.0,0.0,0.0,0.0,0.0,0.0,0.0,0.0,0.0,0.0,0.0,0.0,0.0,0.41851458100175465,0.0,0.0,0.0,0.0,0.0,0.0,0.0,0.0,0.0,0.0,0.0,0.0,0.0,0.0,0.41851458100175465,0.0,0.0,0.0,0.0,0.0,0.18439474318446805,0.0,0.0,0.0,0.0,0.0,0.0,0.0,0.0,0.0,0.0,0.0,0.0,0.0,0.0,0.0,0.0
110,0.0,0.0,0.0,0.0,0.0,0.0,0.0,0.0,0.0,0.0,0.0,0.0,0.0,0.2723935968325058,0.0,0.0,0.0,0.0,0.0,0.0,0.0,0.26942029138610285,0.0,0.3298659647378078,0.0,0.0,0.0,0.28854227478466987,0.0,0.0,0.0,0.0,0.0,0.0,0.0,0.0,0.0,0.0,0.0,0.0,0.0,0.0,0.0,0.0,0.0,0.0,0.0,0.0,0.0,0.0,0.0,0.0,0.0,0.0,0.3458639305896331,0.0,0.0,0.0,0.0,0.0,0.0,0.0,0.0,0.0,0.0,0.0,0.0,0.0,0.22800769593438203,0.0,0.0,0.0,0.2636958074028933,0.0,0.0,0.0,0.0,0.34027912426093787,0.0,0.0,0.24097995724359475,0.0,0.0,0.0,0.0,0.0,0.0,0.0,0.0,0.0,0.0,0.0,0.0,0.0,0.0,0.0,0.49612515259031714,0.0,0.0,0.0,0.0,0.0,0.0,0.0,0.0,0.0,0.0,0.0,0.0,0.0,0.0,0.0,0.0
111,0.0,0.0,0.0,0.0,0.0,0.0,0.0,0.0,0.0,0.0,0.0,0.0,0.0,0.2885440484174356,0.0,0.0,0.0,0.0,0.0,0.0,0.0,0.2853944531234821,0.0,0.0,0.0,0.0,0.0,0.3056501954307663,0.0,0.0,0.0,0.0,0.0,0.0,0.0,0.0,0.0,0.0,0.0,0.0,0.0,0.0,0.0,0.0,0.0,0.0,0.0,0.0,0.0,0.0,0.0,0.0,0.0,0.0,0.3663705017092035,0.0,0.0,0.0,0.0,0.0,0.0,0.0,0.0,0.0,0.0,0.0,0.0,0.0,0.24152646912508935,0.0,0.0,0.0,0.2793305595414618,0.0,0.0,0.0,0.0,0.360454567390454,0.0,0.0,0.25526786700967585,0.0,0.0,0.0,0.0,0.0,0.0,0.0,0.0,0.0,0.0,0.0,0.0,0.0,0.0,0.0,0.5255408413221736,0.0,0.0,0.0,0.0,0.0,0.0,0.0,0.0,0.0,0.0,0.0,0.0,0.0,0.0,0.0,0.0
112,0.0,0.0,0.0,0.0,0.0,0.0,0.0,0.0,0.0,0.0,0.0,0.0,0.0,0.36281481520441566,0.0,0.0,0.0,0.0,0.0,0.0,0.0,0.0,0.0,0.0,0.0,0.0,0.0,0.0,0.0,0.0,0.0,0.0,0.0,0.0,0.0,0.0,0.0,0.0,0.0,0.0,0.0,0.0,0.0,0.0,0.0,0.0,0.0,0.0,0.0,0.0,0.0,0.0,0.0,0.0,0.0,0.0,0.0,0.0,0.0,0.35499449475577144,0.0,0.0,0.4206728741203471,0.0,0.0,0.0,0.0,0.0,0.0,0.0,0.0,0.0,0.0,0.0,0.0,0.0,0.0,0.0,0.0,0.0,0.32097339905190203,0.0,0.0,0.0,0.0,0.0,0.0,0.0,0.0,0.0,0.0,0.0,0.0,0.0,0.0,0.0,0.0,0.3843240565197051,0.0,0.0,0.0,0.0,0.0,0.0,0.0,0.0,0.3710580563756034,0.4206728741203471,0.0,0.0,0.0,0.0,0.0
113,0.0,0.0,0.0,0.0,0.0,0.0,0.0,0.0,0.0,0.0,0.0,0.0,0.0,0.36281481520441566,0.0,0.0,0.0,0.0,0.0,0.0,0.0,0.0,0.0,0.0,0.0,0.0,0.0,0.0,0.0,0.0,0.0,0.0,0.0,0.0,0.0,0.0,0.0,0.0,0.0,0.0,0.0,0.0,0.0,0.0,0.0,0.0,0.0,0.0,0.0,0.0,0.0,0.0,0.0,0.0,0.0,0.0,0.0,0.0,0.0,0.35499449475577144,0.0,0.0,0.4206728741203471,0.0,0.0,0.0,0.0,0.0,0.0,0.0,0.0,0.0,0.0,0.0,0.0,0.0,0.0,0.0,0.0,0.0,0.32097339905190203,0.0,0.0,0.0,0.0,0.0,0.0,0.0,0.0,0.0,0.0,0.0,0.0,0.0,0.0,0.0,0.0,0.3843240565197051,0.0,0.0,0.0,0.0,0.0,0.0,0.0,0.0,0.3710580563756034,0.4206728741203471,0.0,0.0,0.0,0.0,0.0
114,0.0,0.3021105690823267,0.31454356920210313,0.0,0.0,0.0,0.0,0.0,0.0,0.0,0.0,0.0,0.0,0.0,0.0,0.0,0.0,0.0,0.0,0.28610973045585697,0.0,0.21915279973898602,0.0,0.0,0.0,0.0,0.0,0.2347070706396615,0.0,0.0,0.0,0.0,0.0,0.0,0.0,0.0,0.0,0.0,0.0,0.0,0.27679104046266895,0.0,0.0,0.0,0.0,0.0,0.0,0.2724595993790956,0.0,0.31454356920210313,0.0,0.0,0.0,0.0,0.0,0.0,0.0,0.0,0.0,0.21679547908566016,0.0,0.0,0.0,0.0,0.0,0.0,0.0,0.0,0.1854668208878372,0.0,0.0,0.2911438857605914,0.21449636987051893,0.0,0.0,0.0,0.0,0.0,0.0,0.0,0.0,0.0,0.0,0.0,0.0,0.0,0.0,0.0,0.0,0.0,0.0,0.0,0.0,0.0,0.0,0.0,0.40355986422449536,0.0,0.0,0.0,0.0,0.0,0.0,0.0,0.0,0.0,0.0,0.0,0.0,0.0,0.0,0.0,0.0
115,0.0,0.0,0.0,0.0,0.0,0.0,0.0,0.0,0.0,0.0,0.0,0.0,0.0,0.0,0.0,0.0,0.0,0.0,0.0,0.34826929427239045,0.0,0.0,0.0,0.0,0.0,0.0,0.0,0.28569900688864064,0.0,0.0,0.0,0.0,0.0,0.0,0.0,0.0,0.0,0.0,0.0,0.0,0.3369260464132565,0.0,0.0,0.0,0.0,0.0,0.0,0.33165356607169305,0.0,0.0,0.0,0.0,0.0,0.0,0.0,0.0,0.0,0.0,0.0,0.0,0.3003435916943414,0.0,0.0,0.0,0.0,0.0,0.0,0.0,0.0,0.0,0.0,0.0,0.2610973742129364,0.0,0.0,0.0,0.0,0.0,0.0,0.0,0.0,0.0,0.0,0.0,0.0,0.0,0.0,0.0,0.0,0.0,0.0,0.0,0.0,0.0,0.0,0.0,0.4912363829297004,0.0,0.0,0.0,0.0,0.0,0.0,0.0,0.0,0.0,0.27583732115167175,0.3127200088631744,0.0,0.0,0.0,0.0,0.0
116,0.0,0.0,0.0,0.0,0.0,0.0,0.0,0.0,0.0,0.0,0.0,0.0,0.0,0.2725716910793922,0.0,0.0,0.0,0.0,0.0,0.3519652285717002,0.0,0.0,0.0,0.0,0.0,0.0,0.0,0.28873092723362687,0.0,0.0,0.0,0.0,0.0,0.0,0.0,0.0,0.0,0.0,0.0,0.0,0.34050160289138703,0.0,0.0,0.0,0.0,0.0,0.0,0.3351731694662261,0.0,0.0,0.0,0.0,0.0,0.0,0.0,0.0,0.0,0.0,0.0,0.0,0.0,0.0,0.0,0.0,0.0,0.0,0.0,0.0,0.0,0.0,0.0,0.0,0.2638682149292545,0.0,0.0,0.0,0.0,0.34050160289138703,0.0,0.0,0.24113751287081603,0.0,0.0,0.0,0.0,0.0,0.0,0.0,0.0,0.0,0.0,0.0,0.0,0.0,0.0,0.0,0.49644952524973135,0.0,0.0,0.0,0.0,0.0,0.0,0.0,0.0,0.0,0.0,0.0,0.0,0.0,0.0,0.0,0.0
117,0.0,0.0,0.0,0.0,0.0,0.0,0.0,0.0,0.0,0.0,0.0,0.2552424555908722,0.0,0.0,0.0,0.2593001862083213,0.0,0.0,0.0,0.0,0.0,0.0,0.0,0.0,0.0,0.0,0.24409212860950447,0.0,0.0,0.0,0.0,0.0,0.26803001375769664,0.0,0.0,0.0,0.0,0.0,0.0,0.0,0.0,0.0,0.308112941013378,0.0,0.0,0.2552424555908722,0.0,0.0,0.25136512933632227,0.0,0.0,0.0,0.0,0.0,0.0,0.0,0.3332061474009358,0.0,0.0,0.0,0.0,0.0,0.0,0.0,0.0,0.0,0.0,0.25136512933632227,0.0,0.0,0.0,0.0,0.0,0.0,0.0,0.0,0.0,0.0,0.0,0.0,0.0,0.3332061474009358,0.0,0.0,0.0,0.0,0.0,0.0,0.0,0.0,0.0,0.0,0.0,0.0,0.0,0.0,0.0,0.0,0.2593001862083213,0.0,0.0,0.0,0.0,0.0,0.0,0.0,0.0,0.0,0.2777317229869913,0.0,0.28864913800522013,0.0,0.0
118,0.0,0.0,0.0,0.0,0.0,0.0,0.0,0.4129130105235075,0.0,0.0,0.0,0.0,0.0,0.0,0.0,0.0,0.0,0.0,0.33914335034150567,0.0,0.0,0.0,0.0,0.0,0.0,0.0,0.0,0.0,0.0,0.0,0.0,0.0,0.0,0.0,0.0,0.0,0.0,0.0,0.0,0.0,0.0,0.0,0.0,0.0,0.0,0.0,0.28417344826981794,0.0,0.0,0.0,0.0,0.0,0.0,0.0,0.0,0.0,0.0,0.0,0.0,0.26563267724671513,0.3023201471811543,0.0,0.0,0.0,0.0,0.33914335034150567,0.0,0.0,0.0,0.0,0.0,0.0,0.0,0.0,0.0,0.0,0.0,0.0,0.0,0.0,0.24017562124109204,0.0,0.0,0.0,0.0,0.0,0.0,0.0,0.0,0.0,0.0,0.35056124789989823,0.0,0.0,0.0,0.0,0.0,0.0,0.0,0.0,0.0,0.0,0.0,0.0,0.0,0.0,0.2776526013363243,0.31477801331689936,0.0,0.0,0.0,0.0,0.0
119,0.0,0.28095172593975454,0.29251395910779865,0.0,0.0,0.0,0.0,0.0,0.0,0.0,0.0,0.0,0.0,0.0,0.0,0.0,0.0,0.0,0.0,0.5321430681746601,0.0,0.0,0.0,0.0,0.0,0.0,0.0,0.0,0.0,0.0,0.0,0.0,0.0,0.0,0.0,0.0,0.0,0.0,0.0,0.0,0.2574054948784527,0.0,0.0,0.0,0.0,0.0,0.0,0.5067548277236951,0.0,0.29251395910779865,0.0,0.0,0.0,0.0,0.0,0.0,0.0,0.0,0.0,0.20161182778234463,0.0,0.0,0.0,0.0,0.0,0.0,0.0,0.0,0.17247732706364763,0.0,0.0,0.2707531135031382,0.0,0.0,0.0,0.0,0.0,0.0,0.0,0.0,0.0,0.0,0.0,0.0,0.0,0.0,0.0,0.0,0.0,0.0,0.0,0.0,0.0,0.0,0.0,0.0,0.0,0.0,0.0,0.0,0.0,0.0,0.0,0.0,0.0,0.0,0.0,0.0,0.0,0.0,0.0,0.0,0.0
120,0.0,0.0,0.0,0.0,0.3673533402185253,0.0,0.0,0.0,0.0,0.0,0.0,0.0,0.0,0.0,0.0,0.0,0.0,0.0,0.0,0.0,0.0,0.0,0.0,0.0,0.0,0.0,0.0,0.28539361146577263,0.0,0.0,0.0,0.0,0.0,0.0,0.0,0.3365658923002262,0.0,0.0,0.0,0.3365658923002262,0.0,0.0,0.0,0.0,0.0,0.0,0.0,0.0,0.0,0.0,0.0,0.0,0.0,0.0,0.0,0.0,0.0,0.0,0.0,0.0,0.0,0.0,0.0,0.0,0.0,0.0,0.0,0.0,0.0,0.0,0.0,0.0,0.260818276487411,0.0,0.0,0.0,0.0,0.0,0.0,0.0,0.0,0.0,0.0,0.0,0.0,0.0,0.0,0.0,0.0,0.0,0.0,0.0,0.0,0.0,0.0,0.0,0.4907112801492366,0.0,0.0,0.3673533402185253,0.0,0.0,0.0,0.3365658923002262,0.0,0.0,0.0,0.0,0.0,0.0,0.0,0.0,0.0
121,0.0,0.0,0.0,0.0,0.0,0.0,0.0,0.0,0.0,0.0,0.0,0.0,0.0,0.0,0.0,0.0,0.0,0.0,0.0,0.0,0.0,0.0,0.0,0.0,0.0,0.0,0.0,0.0,0.0,0.0,0.0,0.0,0.0,0.0,0.0,0.0,0.0,0.0,0.0,0.0,0.0,0.0,0.0,0.0,0.0,0.0,0.0,0.0,0.0,0.0,0.0,0.0,0.0,0.0,0.0,0.0,0.0,0.0,0.0,0.0,0.0,0.0,0.0,0.0,0.0,0.0,0.0,0.0,0.0,0.0,0.0,0.0,0.0,0.0,0.0,0.0,0.0,0.0,0.0,0.0,0.0,0.0,0.0,0.0,0.0,0.0,0.0,0.0,0.0,0.0,0.0,0.0,0.0,0.0,0.0,0.0,0.0,0.0,0.0,0.0,0.0,0.0,0.0,0.0,0.0,0.0,0.0,0.0,0.0,0.0,0.0,0.0,0.0
122,0.0,0.0,0.0,0.0,0.0,0.0,0.0,0.0,0.0,0.0,0.0,0.3161448654419006,0.0,0.0,0.0,0.0,0.0,0.0,0.0,0.0,0.0,0.0,0.0,0.0,0.0,0.0,0.0,0.27233922179558023,0.0,0.0,0.0,0.0,0.0,0.0,0.0,0.0,0.0,0.0,0.0,0.0,0.0,0.3440002094847795,0.0,0.0,0.0,0.0,0.0,0.0,0.31134238544623766,0.0,0.0,0.0,0.0,0.0,0.0,0.0,0.0,0.0,0.0,0.0,0.0,0.0,0.0,0.0,0.0,0.0,0.0,0.31134238544623766,0.0,0.0,0.0,0.0,0.24888800447856127,0.0,0.0,0.0,0.0,0.0,0.0,0.0,0.0,0.0,0.0,0.0,0.0,0.0,0.0,0.0,0.0,0.0,0.0,0.0,0.0,0.33782492816465726,0.0,0.0,0.4682653107607615,0.0,0.0,0.0,0.0,0.0,0.0,0.0,0.0,0.0,0.0,0.0,0.3440002094847795,0.0,0.0,0.0,0.0
123,0.0,0.3782689279686475,0.39383613450838384,0.0,0.0,0.0,0.0,0.0,0.0,0.0,0.0,0.0,0.0,0.0,0.0,0.0,0.0,0.0,0.0,0.0,0.0,0.0,0.0,0.0,0.0,0.0,0.0,0.2938738365466873,0.0,0.0,0.0,0.0,0.0,0.0,0.0,0.0,0.0,0.0,0.0,0.0,0.0,0.0,0.0,0.0,0.0,0.0,0.0,0.0,0.0,0.39383613450838384,0.0,0.0,0.0,0.0,0.0,0.0,0.0,0.0,0.0,0.0,0.0,0.0,0.0,0.0,0.0,0.0,0.0,0.0,0.0,0.0,0.0,0.3645376786578893,0.26856826667979744,0.0,0.0,0.0,0.0,0.0,0.0,0.0,0.0,0.0,0.0,0.0,0.0,0.0,0.0,0.0,0.0,0.0,0.0,0.0,0.0,0.0,0.0,0.0,0.5052923427176549,0.0,0.0,0.0,0.0,0.0,0.0,0.0,0.0,0.0,0.0,0.0,0.0,0.0,0.0,0.0,0.0
124,0.0,0.0,0.0,0.0,0.0,0.0,0.0,0.0,0.0,0.0,0.0,0.0,0.0,0.0,0.3945095963120029,0.0,0.0,0.0,0.0,0.0,0.0,0.0,0.0,0.0,0.0,0.0,0.30502346947234804,0.2747618649394382,0.0,0.0,0.0,0.0,0.0,0.0,0.35366835414351616,0.0,0.0,0.0,0.0,0.0,0.0,0.0,0.0,0.0,0.0,0.0,0.0,0.0,0.0,0.0,0.0,0.0,0.0,0.0,0.0,0.0,0.0,0.0,0.0,0.0,0.0,0.0,0.0,0.0,0.0,0.0,0.0,0.0,0.43423668023846623,0.0,0.0,0.0,0.251102033048016,0.0,0.0,0.0,0.0,0.0,0.0,0.0,0.0,0.0,0.0,0.3189571896663695,0.3763008543734009,0.0,0.0,0.0,0.0,0.0,0.0,0.0,0.0,0.0,0.0,0.0,0.23621542505479914,0.0,0.0,0.0,0.0,0.0,0.0,0.0,0.0,0.0,0.0,0.0,0.0,0.0,0.0,0.0,0.0
125,0.0,0.0,0.0,0.0,0.0,0.0,0.0,0.0,0.0,0.0,0.0,0.0,0.0,0.26827323936177877,0.0,0.0,0.0,0.3891962608299509,0.0,0.0,0.0,0.26534490957358253,0.0,0.3248762523952605,0.0,0.0,0.0,0.0,0.0,0.0,0.3982198241068594,0.0,0.0,0.0,0.0,0.0,0.0,0.0,0.0,0.0,0.0,0.0,0.0,0.0,0.0,0.0,0.2808121899495694,0.0,0.0,0.0,0.0,0.0,0.0,0.0,0.0,0.0,0.0,0.0,0.0,0.0,0.0,0.34641474188945126,0.0,0.0,0.0,0.0,0.0,0.0,0.0,0.0,0.0,0.0,0.25970701690757186,0.0,0.0,0.0,0.0,0.0,0.0,0.0,0.0,0.0,0.0,0.0,0.0,0.0,0.0,0.0,0.0,0.0,0.0,0.0,0.0,0.0,0.0,0.0,0.2443102616250232,0.0,0.0,0.0,0.34063222526751313,0.0,0.0,0.0,0.0,0.0,0.0,0.0,0.0,0.0,0.0,0.0,0.0
126,0.0,0.0,0.0,0.0,0.0,0.0,0.0,0.0,0.0,0.0,0.0,0.0,0.0,0.0,0.0,0.37722676515999876,0.0,0.0,0.0,0.0,0.0,0.0,0.34533632941592723,0.0,0.4286780847879091,0.0,0.0,0.0,0.0,0.0,0.0,0.0,0.0,0.0,0.0,0.0,0.0,0.0,0.0,0.0,0.0,0.0,0.0,0.0,0.0,0.0,0.0,0.0,0.36568294068784823,0.0,0.0,0.0,0.0,0.4199232641832825,0.0,0.0,0.0,0.0,0.0,0.0,0.0,0.0,0.0,0.0,0.0,0.0,0.0,0.0,0.0,0.0,0.0,0.0,0.0,0.0,0.0,0.0,0.0,0.0,0.0,0.0,0.0,0.0,0.0,0.0,0.0,0.0,0.0,0.0,0.0,0.0,0.0,0.0,0.0,0.0,0.0,0.0,0.0,0.31987230825674073,0.37722676515999876,0.0,0.0,0.0,0.0,0.0,0.0,0.0,0.0,0.0,0.0,0.0,0.0,0.0,0.0
127,0.0,0.0,0.0,0.0,0.0,0.0,0.0,0.0,0.5310442790928462,0.0,0.0,0.0,0.0,0.0,0.0,0.0,0.0,0.0,0.0,0.0,0.0,0.0,0.0,0.0,0.0,0.0,0.0,0.0,0.0,0.0,0.0,0.0,0.0,0.0,0.0,0.0,0.0,0.0,0.0,0.0,0.4865380876555887,0.0,0.0,0.0,0.0,0.0,0.0,0.0,0.0,0.0,0.0,0.0,0.0,0.0,0.49452335856220636,0.0,0.0,0.0,0.0,0.0,0.0,0.0,0.0,0.0,0.0,0.0,0.0,0.0,0.0,0.0,0.0,0.0,0.0,0.0,0.0,0.0,0.0,0.4865380876555887,0.0,0.0,0.0,0.0,0.0,0.0,0.0,0.0,0.0,0.0,0.0,0.0,0.0,0.0,0.0,0.0,0.0,0.0,0.0,0.0,0.0,0.0,0.0,0.0,0.0,0.0,0.0,0.0,0.0,0.0,0.0,0.0,0.0,0.0,0.0
128,0.0,0.0,0.0,0.0,0.0,0.0,0.0,0.0,0.0,0.0,0.0,0.0,0.0,0.3171583574282153,0.0,0.0,0.0,0.0,0.0,0.0,0.0,0.0,0.0,0.38407564922330817,0.0,0.0,0.0,0.0,0.0,0.0,0.0,0.0,0.0,0.0,0.0,0.0,0.0,0.0,0.0,0.0,0.0,0.0,0.0,0.0,0.0,0.0,0.33198217281046555,0.0,0.0,0.0,0.0,0.0,0.0,0.0,0.4027026971082755,0.0,0.0,0.0,0.0,0.31032214268693786,0.0,0.0,0.0,0.0,0.0,0.0,0.0,0.38407564922330817,0.0,0.0,0.0,0.0,0.0,0.0,0.0,0.0,0.0,0.3962000919723228,0.0,0.0,0.2805822467974383,0.0,0.0,0.0,0.0,0.0,0.0,0.0,0.0,0.0,0.0,0.0,0.0,0.0,0.0,0.0,0.0,0.0,0.0,0.0,0.0,0.0,0.0,0.0,0.0,0.0,0.0,0.0,0.0,0.0,0.0,0.0,0.0
129,0.0,0.0,0.0,0.0,0.33719307970479717,0.0,0.0,0.0,0.0,0.0,0.35877126832281964,0.0,0.0,0.0,0.0,0.0,0.0,0.0,0.30893332746286345,0.0,0.0,0.0,0.0,0.0,0.0,0.0,0.0,0.0,0.0,0.0,0.0,0.0,0.0,0.0,0.0,0.0,0.0,0.0,0.0,0.30893332746286345,0.0,0.0,0.0,0.0,0.35877126832281964,0.0,0.0,0.0,0.0,0.0,0.0,0.0,0.0,0.0,0.0,0.0,0.0,0.0,0.2994794062801603,0.0,0.0,0.0,0.0,0.0,0.0,0.0,0.0,0.0,0.2070041068347591,0.0,0.0,0.0,0.23940470458162003,0.0,0.0,0.0,0.0,0.0,0.0,0.0,0.0,0.0,0.0,0.0,0.0,0.0,0.0,0.0,0.0,0.0,0.0,0.3193341478881862,0.0,0.0,0.0,0.0,0.22521157382287002,0.0,0.0,0.0,0.0,0.0,0.0,0.30893332746286345,0.0,0.0,0.0,0.0,0.0,0.0,0.0,0.0,0.0
130,0.0,0.0,0.0,0.0,0.0,0.0,0.0,0.0,0.0,0.0,0.0,0.0,0.3739155898238806,0.0,0.0,0.0,0.0,0.0,0.0,0.0,0.0,0.0,0.0,0.33209465312095665,0.0,0.38930363992483463,0.0,0.0,0.0,0.0,0.0,0.0,0.0,0.0,0.3739155898238806,0.0,0.0,0.0,0.0,0.0,0.0,0.0,0.40706784007024926,0.0,0.0,0.0,0.0,0.0,0.33209465312095665,0.0,0.0,0.0,0.0,0.0,0.0,0.0,0.0,0.0,0.0,0.0,0.0,0.0,0.0,0.0,0.0,0.0,0.0,0.0,0.22954819467483678,0.0,0.0,0.0,0.0,0.0,0.0,0.0,0.0,0.0,0.0,0.0,0.0,0.0,0.0,0.0,0.0,0.0,0.0,0.0,0.0,0.0,0.0,0.0,0.0,0.36034236769161904,0.0,0.0,0.0,0.0,0.0,0.0,0.0,0.0,0.0,0.0,0.0,0.0,0.0,0.0,0.0,0.0,0.0,0.0,0.0
131,0.0,0.0,0.0,0.0,0.0,0.0,0.0,0.0,0.0,0.0,0.0,0.0,0.0,0.0,0.0,0.0,0.0,0.0,0.0,0.0,0.0,0.0,0.0,0.0,0.0,0.0,0.0,0.0,0.0,0.3031139774328232,0.0,0.0,0.0,0.0,0.0,0.0,0.0,0.0,0.0,0.0,0.0,0.31408559822692833,0.0,0.0,0.0,0.2886525834894428,0.0,0.0,0.0,0.0,0.32643205541306936,0.0,0.0,0.0,0.0,0.0,0.0,0.0,0.0,0.0,0.0,0.0,0.0,0.32643205541306936,0.0,0.0,0.0,0.28426773208289907,0.0,0.0,0.0,0.0,0.0,0.0,0.0,0.0,0.0,0.0,0.0,0.0,0.0,0.0,0.0,0.0,0.0,0.0,0.0,0.0,0.0,0.0,0.0,0.0,0.0,0.0,0.0,0.3405479396711011,0.0,0.0,0.0,0.0,0.0,0.0,0.0,0.0,0.0,0.333237713323686,0.0,0.0,0.0,0.31408559822692833,0.0,0.0,0.32643205541306936
132,0.0,0.0,0.0,0.0,0.0,0.27018867703812705,0.0,0.2955118969352622,0.0,0.0,0.0,0.0,0.0,0.0,0.0,0.0,0.0,0.0,0.0,0.0,0.0,0.0,0.0,0.0,0.0,0.0,0.0,0.0,0.0,0.0,0.0,0.0,0.250888242120416,0.0,0.0,0.0,0.26491930030585864,0.0,0.0,0.0,0.0,0.0,0.0,0.25996948171734247,0.0,0.0,0.0,0.0,0.0,0.0,0.0,0.31189605750910593,0.27018867703812705,0.0,0.0,0.0,0.0,0.0,0.23528915491744984,0.0,0.21636324818630148,0.0,0.0,0.0,0.0,0.0,0.0,0.0,0.0,0.0,0.0,0.0,0.0,0.0,0.31189605750910593,0.0,0.0,0.0,0.2818724318338217,0.250888242120416,0.0,0.0,0.0,0.0,0.0,0.0,0.0,0.0,0.0,0.0,0.0,0.0,0.0,0.0,0.0,0.0,0.0,0.0,0.0,0.0,0.0,0.0,0.0,0.0,0.0,0.0,0.0,0.22527904294140522,0.0,0.0,0.0,0.27582173812006255,0.0
133,0.0,0.0,0.0,0.0,0.0,0.0,0.2636824983127145,0.0,0.0,0.0,0.0,0.0,0.0,0.0,0.0,0.0,0.0,0.0,0.0,0.0,0.2521755498049138,0.0,0.0,0.0,0.0,0.0,0.20889360271118237,0.0,0.0,0.22937960157717638,0.0,0.257707517750472,0.22937960157717638,0.0,0.0,0.22190863093086877,0.0,0.0,0.0,0.0,0.0,0.0,0.0,0.0,0.0,0.0,0.18594066723985467,0.0,0.0,0.0,0.24702541085972515,0.0,0.0,0.0,0.0,0.0,0.0,0.0,0.21511782359450526,0.0,0.0,0.0,0.0,0.0,0.0,0.22190863093086877,0.0,0.0,0.0,0.0,0.0,0.0,0.0,0.0,0.0,0.0,0.0,0.0,0.0,0.0,0.0,0.0,0.0,0.2184360323987529,0.0,0.2636824983127145,0.0,0.0,0.2701776719683513,0.0,0.0,0.22937960157717638,0.0,0.0,0.0,0.0,0.0,0.0,0.0,0.0,0.22555069016417179,0.0,0.0,0.0,0.0,0.0,0.0,0.0,0.0,0.23768230680945307,0.0,0.0,0.24702541085972515
134,0.0,0.0,0.0,0.0,0.0,0.2214698057697387,0.0,0.0,0.0,0.0,0.23104681296940982,0.0,0.0,0.0,0.0,0.0,0.0,0.0,0.0,0.0,0.0,0.1575223142275229,0.0,0.0,0.0,0.0,0.0,0.1687023892770517,0.0,0.0,0.0,0.0,0.0,0.0,0.0,0.0,0.21715057280181393,0.0,0.0,0.0,0.0,0.0,0.2364036618052943,0.21309327708753267,0.23104681296940982,0.0,0.0,0.0,0.0,0.0,0.0,0.2556567508087747,0.2214698057697387,0.0,0.0,0.0,0.2556567508087747,0.0,0.0,0.1558279228935747,0.0,0.0,0.0,0.0,0.0,0.0,0.0,0.0,0.13330955786770352,0.0,0.0,0.0,0.15417537268813716,0.0,0.2556567508087747,0.0,0.0,0.0,0.23104681296940982,0.0,0.0,0.2556567508087747,0.0,0.0,0.0,0.0,0.0,0.0,0.0,0.0,0.0,0.0,0.0,0.0,0.0,0.0,0.2900701420091361,0.1687023892770517,0.0,0.0,0.0,0.0,0.0,0.0,0.0,0.0,0.0,0.0,0.0,0.0,0.2214698057697387,0.22608714561307083,0.0
135,0.0,0.0,0.0,0.0,0.0,0.0,0.0,0.0,0.2745782346138848,0.0,0.0,0.0,0.2745782346138848,0.0,0.0,0.0,0.0,0.2921494758211157,0.0,0.2600356052853476,0.28587817434857227,0.19918068092024654,0.2302989653378403,0.0,0.0,0.0,0.0,0.21331743971549996,0.0,0.0,0.0,0.2921494758211157,0.0,0.0,0.0,0.0,0.0,0.0,0.0,0.0,0.2515661583043438,0.0,0.0,0.0,0.0,0.0,0.0,0.24762945575972833,0.0,0.0,0.0,0.0,0.0,0.0,0.0,0.0,0.0,0.0,0.0,0.0,0.0,0.0,0.0,0.0,0.0,0.0,0.0,0.0,0.0,0.0,0.0,0.0,0.19494860689261248,0.0,0.0,0.0,0.3062862346163691,0.0,0.0,0.0,0.0,0.0,0.0,0.0,0.0,0.0,0.0,0.0,0.0,0.0,0.0,0.0,0.0,0.0,0.0,0.0,0.36678212025606105,0.0,0.0,0.0,0.0,0.0,0.0,0.0,0.0,0.0,0.0,0.0,0.0,0.0,0.0,0.0,0.0
136,0.0,0.0,0.0,0.0,0.0,0.0,0.0,0.0,0.0,0.0,0.27741043610051175,0.0,0.0,0.0,0.0,0.0,0.0,0.0,0.0,0.0,0.0,0.0,0.0,0.23156456504356424,0.0,0.0,0.0,0.0,0.0,0.0,0.0,0.0,0.0,0.0,0.0,0.2388745606583573,0.2607256699463878,0.0,0.0,0.0,0.0,0.25585420619831817,0.0,0.25585420619831817,0.27741043610051175,0.0,0.0,0.0,0.0,0.0,0.0,0.0,0.2659116332836547,0.2659116332836547,0.0,0.0,0.0,0.0,0.0,0.0,0.21293825240373587,0.24691672117884728,0.0,0.0,0.0,0.0,0.0,0.0,0.0,0.0,0.0,0.0,0.0,0.0,0.0,0.0,0.0,0.0,0.0,0.24691672117884728,0.0,0.0,0.0,0.0,0.0,0.0,0.0,0.0,0.0,0.0,0.0,0.0,0.0,0.25126126800628173,0.24691672117884728,0.0,0.0,0.0,0.0,0.0,0.0,0.0,0.0,0.0,0.0,0.0,0.19556374345266794,0.0,0.25585420619831817,0.0,0.0,0.0,0.0
137,0.0,0.0,0.0,0.0,0.0,0.0,0.0,0.3168195354158163,0.0,0.0,0.0,0.0,0.0,0.0,0.0,0.0,0.0,0.0,0.0,0.0,0.0,0.0,0.0,0.0,0.0,0.0,0.0,0.0,0.0,0.0,0.0,0.0,0.0,0.0,0.0,0.26021761474246935,0.0,0.0,0.0,0.0,0.0,0.0,0.0,0.0,0.0,0.0,0.0,0.0,0.0,0.0,0.0,0.0,0.0,0.0,0.26448841738076845,0.0,0.0,0.26897832924572274,0.0,0.0,0.4639278789270392,0.0,0.0,0.0,0.0,0.0,0.0,0.0,0.0,0.0,0.0,0.0,0.0,0.0,0.0,0.0,0.0,0.26021761474246935,0.0,0.26897832924572274,0.0,0.0,0.0,0.0,0.0,0.0,0.0,0.0,0.0,0.0,0.0,0.0,0.0,0.0,0.26897832924572274,0.0,0.0,0.0,0.26021761474246935,0.0,0.0,0.0,0.0,0.0,0.38583643323022787,0.0,0.21303704635230708,0.0,0.0,0.0,0.0,0.0,0.0
138,0.0,0.2863968685382983,0.0,0.0,0.0,0.0,0.31178949969344794,0.0,0.0,0.0,0.0,0.2582881370300827,0.2863968685382983,0.0,0.0,0.26239428653144453,0.0,0.0,0.0,0.27122828277670985,0.0,0.0,0.2402116926460575,0.0,0.0,0.0,0.0,0.0,0.0,0.27122828277670985,0.0,0.0,0.0,0.0,0.0,0.0,0.0,0.0,0.0,0.0,0.0,0.0,0.0,0.0,0.0,0.0,0.21986422300438552,0.2582881370300827,0.25436454456727237,0.0,0.0,0.0,0.0,0.0,0.0,0.0,0.0,0.0,0.0,0.0,0.0,0.0,0.0,0.0,0.0,0.26239428653144453,0.0,0.0,0.0,0.0,0.0,0.27600059616975275,0.0,0.0,0.0,0.0,0.0,0.0,0.0,0.0,0.0,0.0,0.0,0.0,0.0,0.0,0.0,0.0,0.0,0.0,0.0,0.27122828277670985,0.0,0.0,0.0,0.0,0.0,0.0,0.0,0.0,0.0,0.0,0.0,0.0,0.0,0.0,0.0,0.0,0.0,0.0,0.0,0.0,0.0
139,0.0,0.0,0.0,0.0,0.0,0.0,0.35283576403785505,0.3615270104194305,0.0,0.0,0.0,0.0,0.0,0.0,0.0,0.0,0.0,0.0,0.0,0.0,0.0,0.23510425206211596,0.0,0.0,0.0,0.0,0.0,0.0,0.0,0.3069347700172306,0.0,0.0,0.0,0.0,0.0,0.0,0.0,0.0,0.0,0.0,0.0,0.0,0.0,0.0,0.0,0.0,0.24880876740433708,0.0,0.0,0.0,0.0,0.0,0.0,0.0,0.0,0.0,0.0,0.0,0.0,0.0,0.2646971546413468,0.0,0.0,0.0,0.0,0.29693780149272825,0.0,0.0,0.19896637532856706,0.0,0.0,0.0,0.0,0.49130760837285126,0.0,0.0,0.0,0.0,0.0,0.0,0.0,0.0,0.0,0.0,0.0,0.0,0.0,0.0,0.0,0.0,0.0,0.3069347700172306,0.0,0.0,0.0,0.0,0.0,0.0,0.0,0.0,0.0,0.0,0.0,0.0,0.0,0.0,0.0,0.0,0.0,0.0,0.0,0.0,0.0
140,0.0,0.27211040916680684,0.0,0.0,0.0,0.0,0.0,0.0,0.0,0.2670262300984356,0.0,0.0,0.0,0.0,0.0,0.0,0.0,0.0,0.24930515838219008,0.0,0.0,0.0,0.0,0.0,0.0,0.0,0.0,0.0,0.0,0.2576984845562705,0.0,0.0,0.0,0.0,0.0,0.0,0.0,0.0,0.0,0.0,0.24930515838219008,0.0,0.0,0.0,0.0,0.0,0.2088966404842692,0.24540383771964852,0.0,0.0,0.0,0.0,0.0,0.0,0.0,0.0,0.0,0.0,0.0,0.19526727151156764,0.0,0.0,0.23139413580180276,0.0,0.0,0.24930515838219008,0.0,0.0,0.0,0.0,0.0,0.2622327385677786,0.0,0.0,0.0,0.0,0.0,0.0,0.0,0.0,0.0,0.0,0.0,0.0,0.0,0.0,0.0,0.0,0.0,0.0,0.0,0.0,0.0,0.0,0.0,0.0,0.0,0.21140020761305126,0.0,0.0,0.25339686112573406,0.0,0.0,0.0,0.0,0.28330878848878743,0.0,0.0,0.0,0.2670262300984356,0.0,0.0,0.27752282063330314
141,0.0,0.0,0.0,0.0,0.0,0.0,0.0,0.0,0.0,0.0,0.0,0.0,0.0,0.19248779531443796,0.0,0.0,0.0,0.0,0.0,0.24855483196666775,0.27325643159587343,0.0,0.0,0.23310082557004377,0.0,0.0,0.0,0.0,0.0,0.0,0.0,0.2792508502525411,0.0,0.0,0.0,0.24045931762776035,0.0,0.0,0.0,0.24045931762776035,0.0,0.0,0.0,0.0,0.0,0.0,0.0,0.0,0.0,0.0,0.2676757613386899,0.0,0.0,0.0,0.0,0.0,0.0,0.0,0.23310082557004377,0.0,0.0,0.24855483196666775,0.0,0.0,0.43065650290669477,0.0,0.0,0.0,0.0,0.0,0.0,0.0,0.0,0.0,0.0,0.0,0.2927634602009046,0.0,0.0,0.24855483196666775,0.0,0.0,0.0,0.0,0.0,0.0,0.0,0.0,0.0,0.0,0.0,0.0,0.0,0.0,0.0,0.0,0.0,0.0,0.0,0.0,0.0,0.0,0.0,0.24045931762776035,0.0,0.0,0.0,0.0,0.0,0.0,0.0,0.0,0.0
142,0.0,0.0,0.0,0.0,0.0,0.0,0.0,0.0,0.0,0.0,0.0,0.2507632886203126,0.0,0.0,0.0,0.0,0.0,0.0,0.0,0.0,0.0,0.2017013784727505,0.0,0.0,0.0,0.0,0.23980863510639472,0.2160170426373946,0.0,0.0,0.0,0.0,0.26332644208125705,0.0,0.0,0.25474981144078673,0.0,0.0,0.0,0.0,0.0,0.0,0.0,0.0,0.0,0.2507632886203126,0.0,0.0,0.24695400430515418,0.0,0.0,0.0,0.0,0.0,0.0,0.0,0.0,0.0,0.0,0.1995317743159959,0.22708981441504747,0.0,0.0,0.0,0.0,0.0,0.0,0.24695400430515418,0.17069785774395763,0.0,0.0,0.0,0.1974157461452141,0.0,0.0,0.0,0.0,0.0,0.0,0.26332644208125705,0.0,0.0,0.0,0.2507632886203126,0.0,0.0,0.0,0.0,0.0,0.0,0.0,0.0,0.0,0.0,0.0,0.0,0.3714238695891796,0.0,0.0,0.0,0.0,0.0,0.0,0.0,0.0,0.0,0.20856062123950805,0.0,0.0,0.0,0.0,0.0,0.0
143,0.0,0.0,0.0,0.0,0.0,0.2797310890363407,0.0,0.0,0.2742756106350301,0.0,0.0,0.0,0.2742756106350301,0.0,0.0,0.2512888968823731,0.0,0.0,0.0,0.0,0.0,0.0,0.0,0.0,0.0,0.0,0.0,0.0,0.0,0.0,0.2985935420818867,0.0,0.0,0.0,0.0,0.0,0.2742756106350301,0.0,0.0,0.0,0.0,0.0,0.0,0.2691509763998857,0.0,0.0,0.0,0.0,0.0,0.0,0.0,0.0,0.2797310890363407,0.2797310890363407,0.0,0.0,0.0,0.0,0.0,0.0,0.0,0.0,0.0,0.0,0.0,0.0,0.0,0.0,0.0,0.0,0.0,0.0,0.0,0.0,0.0,0.0,0.0,0.0,0.2918274858537841,0.0,0.0,0.0,0.0,0.0,0.0,0.0,0.0,0.0,0.0,0.0,0.0,0.0,0.0,0.2643193427234289,0.0,0.0,0.0,0.0,0.0,0.0,0.0,0.0,0.0,0.0,0.0,0.0,0.0,0.0,0.0,0.0,0.2797310890363407,0.2855630962408309,0.0
144,0.0,0.0,0.0,0.0,0.0,0.0,0.0,0.0,0.0,0.0,0.0,0.0,0.0,0.0,0.0,0.0,0.0,0.0,0.0,0.0,0.0,0.0,0.0,0.0,0.2578762197600394,0.2578762197600394,0.0,0.0,0.0,0.0,0.0,0.0,0.0,0.0,0.24768311653018446,0.0,0.0,0.0,0.0,0.0,0.0,0.0,0.0,0.0,0.0,0.0,0.0,0.0,0.0,0.0,0.0,0.0,0.0,0.2526096569887809,0.0,0.0,0.0,0.0,0.0,0.17773817073893278,0.0,0.23456494727798394,0.21062193422768352,0.2526096569887809,0.0,0.0,0.0,0.0,0.1520536019311756,0.0,0.0,0.0,0.0,0.0,0.0,0.0,0.0,0.0,0.0,0.0,0.0,0.0,0.0,0.22337398823140894,0.2635332431421154,0.26964329386560065,0.0,0.0,0.0,0.40641704327348016,0.0,0.0,0.0,0.238692162286585,0.0,0.0,0.0,0.1924228566523933,0.0,0.0,0.0,0.26964329386560065,0.0,0.0,0.0,0.0,0.0,0.0,0.0,0.0,0.0,0.0,0.0
145,0.0,0.0,0.0,0.0,0.0,0.0,0.0,0.0,0.0,0.0,0.0,0.0,0.0,0.0,0.0,0.0,0.25649130399143466,0.0,0.0,0.0,0.0,0.0,0.0,0.0,0.0,0.0,0.0,0.0,0.25247752894354747,0.0,0.0,0.0,0.0,0.0,0.0,0.0,0.2799539092161163,0.0,0.0,0.0,0.0,0.0,0.3047752921922938,0.27472318022745507,0.0,0.0,0.0,0.0,0.0,0.0,0.0,0.0,0.2855223318022692,0.0,0.2607009488260917,0.0,0.3295966751684714,0.0,0.0,0.0,0.22864222074616564,0.0,0.0,0.0,0.0,0.0,0.0,0.0,0.0,0.0,0.0,0.0,0.0,0.0,0.0,0.0,0.0,0.25649130399143466,0.0,0.0,0.1816428310242514,0.3295966751684714,0.0,0.0,0.0,0.0,0.0,0.0,0.0,0.0,0.0,0.0,0.0,0.0,0.0,0.0,0.0,0.0,0.0,0.0,0.0,0.0,0.24864220401928852,0.0,0.0,0.0,0.20998636034484017,0.0,0.0,0.0,0.0,0.0,0.0
146,0.0,0.0,0.0,0.0,0.0,0.0,0.0,0.0,0.27598374878770676,0.0,0.29364493386322404,0.0,0.27598374878770676,0.20240964664375846,0.0,0.0,0.0,0.0,0.0,0.0,0.0,0.0,0.0,0.24511608987430672,0.0,0.0,0.0,0.0,0.0,0.0,0.0,0.0,0.0,0.0,0.0,0.0,0.0,0.0,0.0,0.0,0.0,0.0,0.3004531278474313,0.0,0.29364493386322404,0.0,0.0,0.0,0.24511608987430672,0.0,0.0,0.3249225069071558,0.0,0.0,0.0,0.0,0.0,0.0,0.0,0.0,0.0,0.0,0.0,0.0,0.0,0.0,0.0,0.24511608987430672,0.0,0.0,0.0,0.0,0.0,0.0,0.3249225069071558,0.0,0.0,0.0,0.0,0.0,0.0,0.0,0.0,0.0,0.0,0.0,0.0,0.0,0.0,0.0,0.0,0.0,0.0,0.0,0.0,0.0,0.0,0.0,0.0,0.0,0.0,0.0,0.0,0.0,0.0,0.0,0.0,0.0,0.27082719927130466,0.0,0.28147320290700706,0.0,0.0
147,0.0,0.0,0.0,0.0,0.0,0.0,0.0,0.0,0.0,0.0,0.3120439929964261,0.0,0.0,0.0,0.32714342334830276,0.0,0.0,0.0,0.0,0.0,0.0,0.0,0.24598164526903846,0.0,0.0,0.0,0.0,0.0,0.0,0.277743262644655,0.31927877143437394,0.0,0.0,0.0,0.0,0.2686970713174381,0.0,0.0,0.0,0.0,0.0,0.0,0.0,0.0,0.3120439929964261,0.0,0.0,0.0,0.0,0.0,0.0,0.0,0.0,0.0,0.0,0.0,0.0,0.0,0.0,0.0,0.0,0.0,0.0,0.0,0.0,0.2686970713174381,0.0,0.0,0.0,0.0,0.0,0.0,0.0,0.0,0.0,0.0,0.0,0.0,0.0,0.277743262644655,0.0,0.0,0.0,0.0,0.0,0.0,0.0,0.0,0.0,0.0,0.0,0.277743262644655,0.0,0.0,0.277743262644655,0.0,0.0,0.0,0.0,0.0,0.0,0.0,0.0,0.0,0.0,0.0,0.0,0.0,0.0,0.28779655606801763,0.0,0.0,0.0
148,0.0,0.0,0.0,0.0,0.0,0.0,0.0,0.0,0.0,0.0,0.0,0.0,0.0,0.0,0.0,0.0,0.26816503562662986,0.0,0.0,0.0,0.0,0.0,0.0,0.0,0.0,0.0,0.0,0.0,0.2639685809633953,0.0,0.0,0.0,0.0,0.0,0.29269549832871194,0.0,0.0,0.0,0.0,0.0,0.0,0.0,0.0,0.0,0.0,0.0,0.0,0.0,0.0,0.0,0.0,0.0,0.0,0.0,0.0,0.0,0.0,0.2771933149735324,0.0,0.0,0.2390484523958551,0.0,0.24889904835405335,0.0,0.0,0.0,0.0,0.0,0.17968687334607758,0.0,0.0,0.0,0.0,0.0,0.0,0.0,0.0,0.26816503562662986,0.0,0.0,0.0,0.0,0.0,0.0,0.3114261279018703,0.0,0.0,0.0,0.32649566051121226,0.0,0.0,0.0,0.0,0.0,0.0,0.0,0.0,0.2273925841483137,0.0,0.0,0.0,0.3186465810614472,0.25995869825412443,0.0,0.0,0.0,0.21954350469854858,0.0,0.0,0.0,0.0,0.0,0.0
149,0.0,0.0,0.0,0.0,0.2556709723266722,0.2607563952125819,0.0,0.0,0.0,0.0,0.0,0.0,0.0,0.0,0.0,0.0,0.0,0.0,0.0,0.0,0.0,0.0,0.0,0.0,0.0,0.0,0.2205050186390276,0.0,0.0,0.0,0.0,0.0,0.24212973812855024,0.0,0.0,0.0,0.2556709723266722,0.0,0.0,0.0,0.0,0.25089395181549967,0.0,0.25089395181549967,0.0,0.2305778672510005,0.0,0.0,0.0,0.0,0.0,0.0,0.2607563952125819,0.0,0.0,0.0,0.0,0.0,0.0,0.0,0.0,0.0,0.0,0.2607563952125819,0.0,0.0,0.0,0.0,0.0,0.0,0.0,0.0,0.0,0.0,0.0,0.0,0.0,0.0,0.27203227033981064,0.0,0.0,0.0,0.0,0.2305778672510005,0.0,0.0,0.0,0.0,0.0,0.0,0.0,0.0,0.0,0.24639005707573075,0.0,0.0,0.0,0.0,0.0,0.2556709723266722,0.0,0.0,0.0,0.23424349125342034,0.0,0.0,0.0,0.0,0.0,0.0,0.0,0.2661928062340938,0.0
